Step,AgentID,Wealth
0,0,1
0,1,1
0,2,1
0,3,1
0,4,1
0,5,1
0,6,1
0,7,1
0,8,1
0,9,1
0,10,1
0,11,1
0,12,1
0,13,1
0,14,1
0,15,1
0,16,1
0,17,1
0,18,1
0,19,1
0,20,1
0,21,1
0,22,1
0,23,1
0,24,1
0,25,1
0,26,1
0,27,1
0,28,1
0,29,1
0,30,1
0,31,1
0,32,1
0,33,1
0,34,1
0,35,1
0,36,1
0,37,1
0,38,1
0,39,1
0,40,1
0,41,1
0,42,1
0,43,1
0,44,1
0,45,1
0,46,1
0,47,1
0,48,1
0,49,1
0,50,1
0,51,1
0,52,1
0,53,1
0,54,1
0,55,1
0,56,1
0,57,1
0,58,1
0,59,1
0,60,1
0,61,1
0,62,1
0,63,1
0,64,1
0,65,1
0,66,1
0,67,1
0,68,1
0,69,1
0,70,1
0,71,1
0,72,1
0,73,1
0,74,1
0,75,1
0,76,1
0,77,1
0,78,1
0,79,1
0,80,1
0,81,1
0,82,1
0,83,1
0,84,1
0,85,1
0,86,1
0,87,1
0,88,1
0,89,1
0,90,1
0,91,1
0,92,1
0,93,1
0,94,1
0,95,1
0,96,1
0,97,1
0,98,1
0,99,1
1,0,1
1,1,1
1,2,0
1,3,0
1,4,1
1,5,1
1,6,1
1,7,1
1,8,1
1,9,0
1,10,2
1,11,2
1,12,1
1,13,3
1,14,1
1,15,2
1,16,1
1,17,2
1,18,3
1,19,1
1,20,1
1,21,0
1,22,1
1,23,1
1,24,0
1,25,1
1,26,1
1,27,1
1,28,1
1,29,2
1,30,1
1,31,0
1,32,1
1,33,0
1,34,1
1,35,1
1,36,2
1,37,2
1,38,1
1,39,2
1,40,0
1,41,1
1,42,1
1,43,1
1,44,2
1,45,1
1,46,1
1,47,3
1,48,1
1,49,1
1,50,1
1,51,2
1,52,1
1,53,0
1,54,1
1,55,1
1,56,1
1,57,1
1,58,0
1,59,1
1,60,2
1,61,1
1,62,1
1,63,1
1,64,0
1,65,1
1,66,1
1,67,2
1,68,1
1,69,1
1,70,2
1,71,1
1,72,0
1,73,0
1,74,0
1,75,0
1,76,0
1,77,2
1,78,1
1,79,2
1,80,1
1,81,1
1,82,0
1,83,1
1,84,1
1,85,1
1,86,1
1,87,1
1,88,2
1,89,1
1,90,1
1,91,0
1,92,1
1,93,1
1,94,1
1,95,0
1,96,0
1,97,1
1,98,0
1,99,0
2,0,1
2,1,1
2,2,1
2,3,0
2,4,2
2,5,2
2,6,1
2,7,0
2,8,2
2,9,0
2,10,1
2,11,3
2,12,1
2,13,2
2,14,2
2,15,2
2,16,0
2,17,2
2,18,3
2,19,1
2,20,1
2,21,0
2,22,0
2,23,1
2,24,0
2,25,1
2,26,1
2,27,1
2,28,1
2,29,2
2,30,1
2,31,0
2,32,0
2,33,0
2,34,1
2,35,2
2,36,2
2,37,2
2,38,1
2,39,4
2,40,0
2,41,1
2,42,1
2,43,1
2,44,3
2,45,1
2,46,1
2,47,5
2,48,2
2,49,1
2,50,1
2,51,3
2,52,0
2,53,0
2,54,0
2,55,0
2,56,1
2,57,0
2,58,0
2,59,1
2,60,1
2,61,0
2,62,0
2,63,0
2,64,0
2,65,1
2,66,1
2,67,1
2,68,1
2,69,1
2,70,1
2,71,1
2,72,0
2,73,0
2,74,0
2,75,0
2,76,0
2,77,2
2,78,1
2,79,4
2,80,1
2,81,1
2,82,0
2,83,1
2,84,1
2,85,1
2,86,0
2,87,1
2,88,2
2,89,1
2,90,2
2,91,0
2,92,1
2,93,0
2,94,0
2,95,1
2,96,0
2,97,0
2,98,1
2,99,1
3,0,1
3,1,1
3,2,1
3,3,0
3,4,2
3,5,1
3,6,2
3,7,0
3,8,2
3,9,1
3,10,1
3,11,2
3,12,0
3,13,2
3,14,2
3,15,2
3,16,0
3,17,2
3,18,3
3,19,1
3,20,0
3,21,0
3,22,0
3,23,1
3,24,0
3,25,1
3,26,1
3,27,1
3,28,1
3,29,1
3,30,1
3,31,0
3,32,0
3,33,2
3,34,0
3,35,2
3,36,1
3,37,2
3,38,1
3,39,4
3,40,0
3,41,1
3,42,0
3,43,1
3,44,3
3,45,1
3,46,1
3,47,4
3,48,1
3,49,1
3,50,1
3,51,2
3,52,0
3,53,0
3,54,1
3,55,0
3,56,1
3,57,2
3,58,1
3,59,1
3,60,0
3,61,1
3,62,0
3,63,0
3,64,0
3,65,2
3,66,1
3,67,2
3,68,2
3,69,1
3,70,1
3,71,2
3,72,0
3,73,0
3,74,0
3,75,1
3,76,0
3,77,1
3,78,1
3,79,4
3,80,1
3,81,1
3,82,0
3,83,1
3,84,1
3,85,1
3,86,0
3,87,1
3,88,1
3,89,2
3,90,2
3,91,0
3,92,1
3,93,0
3,94,0
3,95,1
3,96,0
3,97,0
3,98,1
3,99,0
4,0,1
4,1,1
4,2,1
4,3,0
4,4,2
4,5,0
4,6,2
4,7,0
4,8,1
4,9,1
4,10,0
4,11,1
4,12,0
4,13,2
4,14,2
4,15,1
4,16,0
4,17,4
4,18,3
4,19,1
4,20,0
4,21,0
4,22,0
4,23,2
4,24,1
4,25,0
4,26,0
4,27,1
4,28,1
4,29,1
4,30,1
4,31,1
4,32,1
4,33,1
4,34,0
4,35,2
4,36,3
4,37,2
4,38,1
4,39,4
4,40,0
4,41,0
4,42,0
4,43,0
4,44,3
4,45,3
4,46,2
4,47,3
4,48,1
4,49,2
4,50,1
4,51,2
4,52,0
4,53,0
4,54,1
4,55,0
4,56,1
4,57,2
4,58,0
4,59,1
4,60,0
4,61,1
4,62,0
4,63,0
4,64,0
4,65,1
4,66,1
4,67,2
4,68,3
4,69,1
4,70,1
4,71,1
4,72,0
4,73,0
4,74,0
4,75,1
4,76,0
4,77,0
4,78,0
4,79,4
4,80,1
4,81,1
4,82,0
4,83,1
4,84,0
4,85,1
4,86,0
4,87,1
4,88,3
4,89,2
4,90,2
4,91,1
4,92,0
4,93,0
4,94,0
4,95,1
4,96,0
4,97,0
4,98,1
4,99,2
5,0,1
5,1,1
5,2,1
5,3,0
5,4,2
5,5,0
5,6,2
5,7,0
5,8,1
5,9,1
5,10,0
5,11,1
5,12,0
5,13,2
5,14,2
5,15,2
5,16,0
5,17,4
5,18,2
5,19,2
5,20,0
5,21,0
5,22,0
5,23,2
5,24,0
5,25,0
5,26,0
5,27,0
5,28,1
5,29,1
5,30,1
5,31,0
5,32,1
5,33,0
5,34,0
5,35,3
5,36,3
5,37,1
5,38,1
5,39,3
5,40,0
5,41,0
5,42,0
5,43,1
5,44,3
5,45,3
5,46,1
5,47,2
5,48,1
5,49,2
5,50,1
5,51,2
5,52,0
5,53,0
5,54,1
5,55,0
5,56,1
5,57,1
5,58,0
5,59,1
5,60,0
5,61,0
5,62,0
5,63,0
5,64,0
5,65,1
5,66,1
5,67,2
5,68,4
5,69,1
5,70,1
5,71,2
5,72,1
5,73,0
5,74,1
5,75,1
5,76,0
5,77,1
5,78,1
5,79,3
5,80,1
5,81,0
5,82,0
5,83,1
5,84,0
5,85,1
5,86,0
5,87,1
5,88,4
5,89,2
5,90,3
5,91,0
5,92,0
5,93,0
5,94,0
5,95,1
5,96,2
5,97,0
5,98,1
5,99,2
6,0,0
6,1,1
6,2,2
6,3,0
6,4,2
6,5,0
6,6,2
6,7,0
6,8,1
6,9,1
6,10,0
6,11,0
6,12,0
6,13,1
6,14,2
6,15,2
6,16,1
6,17,4
6,18,1
6,19,2
6,20,0
6,21,0
6,22,0
6,23,2
6,24,0
6,25,0
6,26,0
6,27,0
6,28,0
6,29,0
6,30,2
6,31,0
6,32,1
6,33,0
6,34,0
6,35,2
6,36,3
6,37,0
6,38,1
6,39,2
6,40,0
6,41,0
6,42,0
6,43,1
6,44,3
6,45,4
6,46,2
6,47,2
6,48,1
6,49,2
6,50,1
6,51,1
6,52,0
6,53,0
6,54,0
6,55,0
6,56,1
6,57,0
6,58,0
6,59,1
6,60,0
6,61,0
6,62,0
6,63,0
6,64,0
6,65,1
6,66,1
6,67,2
6,68,4
6,69,1
6,70,1
6,71,2
6,72,1
6,73,0
6,74,1
6,75,1
6,76,0
6,77,2
6,78,2
6,79,3
6,80,1
6,81,1
6,82,0
6,83,1
6,84,0
6,85,1
6,86,1
6,87,1
6,88,4
6,89,2
6,90,3
6,91,0
6,92,0
6,93,0
6,94,1
6,95,2
6,96,2
6,97,1
6,98,1
6,99,2
7,0,0
7,1,2
7,2,2
7,3,0
7,4,2
7,5,0
7,6,2
7,7,0
7,8,1
7,9,1
7,10,0
7,11,0
7,12,0
7,13,1
7,14,2
7,15,2
7,16,1
7,17,4
7,18,2
7,19,1
7,20,0
7,21,0
7,22,0
7,23,3
7,24,1
7,25,0
7,26,0
7,27,0
7,28,1
7,29,1
7,30,2
7,31,0
7,32,0
7,33,0
7,34,0
7,35,2
7,36,3
7,37,0
7,38,0
7,39,2
7,40,0
7,41,1
7,42,0
7,43,1
7,44,3
7,45,4
7,46,2
7,47,1
7,48,1
7,49,2
7,50,1
7,51,2
7,52,0
7,53,0
7,54,0
7,55,0
7,56,1
7,57,0
7,58,1
7,59,1
7,60,0
7,61,0
7,62,0
7,63,0
7,64,0
7,65,1
7,66,1
7,67,1
7,68,4
7,69,1
7,70,0
7,71,1
7,72,1
7,73,0
7,74,1
7,75,1
7,76,0
7,77,2
7,78,2
7,79,3
7,80,1
7,81,1
7,82,0
7,83,2
7,84,0
7,85,0
7,86,1
7,87,1
7,88,4
7,89,2
7,90,3
7,91,0
7,92,0
7,93,0
7,94,0
7,95,2
7,96,1
7,97,1
7,98,1
7,99,2
8,0,0
8,1,2
8,2,2
8,3,0
8,4,2
8,5,0
8,6,2
8,7,0
8,8,1
8,9,0
8,10,1
8,11,0
8,12,1
8,13,1
8,14,2
8,15,2
8,16,1
8,17,3
8,18,2
8,19,1
8,20,0
8,21,0
8,22,0
8,23,3
8,24,1
8,25,0
8,26,0
8,27,1
8,28,1
8,29,1
8,30,2
8,31,0
8,32,1
8,33,1
8,34,0
8,35,2
8,36,2
8,37,0
8,38,0
8,39,2
8,40,0
8,41,1
8,42,0
8,43,0
8,44,3
8,45,5
8,46,2
8,47,1
8,48,0
8,49,1
8,50,1
8,51,1
8,52,0
8,53,0
8,54,0
8,55,0
8,56,1
8,57,0
8,58,1
8,59,0
8,60,0
8,61,0
8,62,0
8,63,0
8,64,0
8,65,1
8,66,1
8,67,1
8,68,4
8,69,1
8,70,1
8,71,1
8,72,1
8,73,0
8,74,1
8,75,1
8,76,0
8,77,2
8,78,3
8,79,3
8,80,1
8,81,2
8,82,1
8,83,2
8,84,0
8,85,0
8,86,0
8,87,1
8,88,3
8,89,2
8,90,3
8,91,0
8,92,0
8,93,0
8,94,0
8,95,2
8,96,1
8,97,0
8,98,1
8,99,3
9,0,0
9,1,2
9,2,1
9,3,0
9,4,1
9,5,0
9,6,2
9,7,0
9,8,1
9,9,0
9,10,0
9,11,0
9,12,2
9,13,1
9,14,1
9,15,2
9,16,0
9,17,3
9,18,1
9,19,1
9,20,0
9,21,0
9,22,0
9,23,3
9,24,1
9,25,0
9,26,0
9,27,0
9,28,0
9,29,1
9,30,2
9,31,0
9,32,1
9,33,0
9,34,1
9,35,2
9,36,2
9,37,0
9,38,2
9,39,2
9,40,0
9,41,1
9,42,0
9,43,0
9,44,3
9,45,4
9,46,2
9,47,2
9,48,0
9,49,1
9,50,1
9,51,2
9,52,0
9,53,0
9,54,0
9,55,0
9,56,1
9,57,1
9,58,2
9,59,0
9,60,0
9,61,0
9,62,0
9,63,0
9,64,0
9,65,1
9,66,2
9,67,1
9,68,4
9,69,1
9,70,1
9,71,0
9,72,1
9,73,0
9,74,2
9,75,2
9,76,0
9,77,1
9,78,3
9,79,3
9,80,1
9,81,2
9,82,2
9,83,1
9,84,0
9,85,0
9,86,0
9,87,1
9,88,2
9,89,3
9,90,4
9,91,0
9,92,0
9,93,0
9,94,1
9,95,2
9,96,1
9,97,0
9,98,1
9,99,2
10,0,0
10,1,1
10,2,3
10,3,0
10,4,1
10,5,0
10,6,2
10,7,0
10,8,1
10,9,0
10,10,0
10,11,1
10,12,2
10,13,1
10,14,1
10,15,2
10,16,0
10,17,3
10,18,1
10,19,2
10,20,0
10,21,0
10,22,0
10,23,3
10,24,1
10,25,0
10,26,0
10,27,0
10,28,0
10,29,1
10,30,2
10,31,0
10,32,1
10,33,0
10,34,1
10,35,2
10,36,2
10,37,0
10,38,2
10,39,2
10,40,0
10,41,1
10,42,0
10,43,0
10,44,3
10,45,4
10,46,1
10,47,3
10,48,0
10,49,1
10,50,1
10,51,2
10,52,0
10,53,1
10,54,0
10,55,0
10,56,1
10,57,1
10,58,2
10,59,0
10,60,0
10,61,0
10,62,0
10,63,0
10,64,0
10,65,1
10,66,2
10,67,1
10,68,3
10,69,0
10,70,1
10,71,0
10,72,0
10,73,0
10,74,2
10,75,2
10,76,0
10,77,0
10,78,3
10,79,3
10,80,0
10,81,2
10,82,3
10,83,1
10,84,0
10,85,0
10,86,1
10,87,1
10,88,1
10,89,2
10,90,4
10,91,0
10,92,0
10,93,0
10,94,1
10,95,1
10,96,1
10,97,1
10,98,1
10,99,3
11,0,0
11,1,1
11,2,2
11,3,0
11,4,1
11,5,0
11,6,2
11,7,0
11,8,1
11,9,1
11,10,0
11,11,1
11,12,2
11,13,0
11,14,0
11,15,2
11,16,0
11,17,3
11,18,0
11,19,2
11,20,0
11,21,0
11,22,0
11,23,3
11,24,1
11,25,0
11,26,0
11,27,1
11,28,0
11,29,2
11,30,2
11,31,0
11,32,1
11,33,0
11,34,1
11,35,3
11,36,3
11,37,0
11,38,1
11,39,2
11,40,1
11,41,1
11,42,0
11,43,0
11,44,3
11,45,3
11,46,1
11,47,3
11,48,0
11,49,1
11,50,0
11,51,3
11,52,0
11,53,1
11,54,0
11,55,0
11,56,1
11,57,1
11,58,2
11,59,0
11,60,0
11,61,0
11,62,0
11,63,0
11,64,0
11,65,1
11,66,2
11,67,1
11,68,3
11,69,0
11,70,2
11,71,0
11,72,0
11,73,1
11,74,1
11,75,2
11,76,1
11,77,0
11,78,2
11,79,2
11,80,0
11,81,2
11,82,3
11,83,0
11,84,0
11,85,0
11,86,0
11,87,1
11,88,2
11,89,1
11,90,4
11,91,0
11,92,0
11,93,1
11,94,1
11,95,1
11,96,0
11,97,1
11,98,2
11,99,4
12,0,0
12,1,2
12,2,3
12,3,0
12,4,1
12,5,0
12,6,2
12,7,1
12,8,0
12,9,1
12,10,0
12,11,1
12,12,1
12,13,0
12,14,0
12,15,1
12,16,1
12,17,3
12,18,0
12,19,2
12,20,0
12,21,0
12,22,0
12,23,3
12,24,1
12,25,0
12,26,0
12,27,1
12,28,0
12,29,1
12,30,1
12,31,1
12,32,1
12,33,0
12,34,2
12,35,3
12,36,4
12,37,0
12,38,1
12,39,2
12,40,0
12,41,1
12,42,0
12,43,0
12,44,3
12,45,3
12,46,2
12,47,4
12,48,0
12,49,1
12,50,0
12,51,3
12,52,0
12,53,1
12,54,0
12,55,0
12,56,1
12,57,0
12,58,2
12,59,0
12,60,0
12,61,1
12,62,0
12,63,0
12,64,0
12,65,1
12,66,1
12,67,1
12,68,2
12,69,0
12,70,2
12,71,0
12,72,0
12,73,0
12,74,0
12,75,2
12,76,1
12,77,1
12,78,2
12,79,1
12,80,0
12,81,2
12,82,3
12,83,0
12,84,1
12,85,0
12,86,0
12,87,0
12,88,2
12,89,1
12,90,5
12,91,0
12,92,0
12,93,0
12,94,2
12,95,2
12,96,0
12,97,1
12,98,1
12,99,4
13,0,0
13,1,1
13,2,2
13,3,0
13,4,1
13,5,0
13,6,2
13,7,1
13,8,0
13,9,0
13,10,0
13,11,1
13,12,2
13,13,0
13,14,0
13,15,1
13,16,1
13,17,3
13,18,0
13,19,2
13,20,0
13,21,0
13,22,0
13,23,2
13,24,1
13,25,0
13,26,0
13,27,1
13,28,0
13,29,1
13,30,1
13,31,1
13,32,1
13,33,1
13,34,2
13,35,4
13,36,4
13,37,0
13,38,1
13,39,2
13,40,1
13,41,0
13,42,0
13,43,1
13,44,2
13,45,3
13,46,1
13,47,4
13,48,0
13,49,1
13,50,0
13,51,3
13,52,0
13,53,1
13,54,0
13,55,0
13,56,0
13,57,0
13,58,2
13,59,0
13,60,0
13,61,1
13,62,0
13,63,0
13,64,0
13,65,2
13,66,1
13,67,2
13,68,2
13,69,1
13,70,2
13,71,0
13,72,0
13,73,0
13,74,0
13,75,3
13,76,1
13,77,1
13,78,2
13,79,1
13,80,0
13,81,2
13,82,3
13,83,0
13,84,0
13,85,0
13,86,1
13,87,0
13,88,2
13,89,1
13,90,5
13,91,0
13,92,0
13,93,0
13,94,2
13,95,2
13,96,0
13,97,0
13,98,1
13,99,4
14,0,0
14,1,0
14,2,2
14,3,0
14,4,1
14,5,0
14,6,3
14,7,1
14,8,0
14,9,1
14,10,0
14,11,2
14,12,1
14,13,0
14,14,0
14,15,0
14,16,1
14,17,3
14,18,0
14,19,2
14,20,0
14,21,0
14,22,1
14,23,2
14,24,1
14,25,0
14,26,1
14,27,1
14,28,0
14,29,1
14,30,1
14,31,1
14,32,1
14,33,1
14,34,1
14,35,4
14,36,4
14,37,0
14,38,1
14,39,2
14,40,1
14,41,2
14,42,0
14,43,0
14,44,1
14,45,3
14,46,0
14,47,4
14,48,0
14,49,0
14,50,1
14,51,3
14,52,0
14,53,1
14,54,0
14,55,0
14,56,0
14,57,1
14,58,1
14,59,0
14,60,0
14,61,1
14,62,0
14,63,0
14,64,0
14,65,1
14,66,1
14,67,3
14,68,1
14,69,1
14,70,4
14,71,0
14,72,0
14,73,0
14,74,0
14,75,3
14,76,1
14,77,0
14,78,2
14,79,1
14,80,0
14,81,2
14,82,3
14,83,0
14,84,0
14,85,0
14,86,1
14,87,2
14,88,1
14,89,1
14,90,4
14,91,0
14,92,0
14,93,0
14,94,2
14,95,2
14,96,0
14,97,0
14,98,1
14,99,4
15,0,0
15,1,0
15,2,2
15,3,0
15,4,1
15,5,1
15,6,3
15,7,1
15,8,0
15,9,0
15,10,0
15,11,1
15,12,1
15,13,0
15,14,0
15,15,0
15,16,1
15,17,2
15,18,0
15,19,2
15,20,0
15,21,0
15,22,0
15,23,1
15,24,1
15,25,0
15,26,1
15,27,1
15,28,1
15,29,1
15,30,0
15,31,0
15,32,1
15,33,0
15,34,1
15,35,5
15,36,3
15,37,0
15,38,0
15,39,2
15,40,0
15,41,2
15,42,0
15,43,0
15,44,0
15,45,2
15,46,0
15,47,4
15,48,0
15,49,0
15,50,3
15,51,3
15,52,1
15,53,1
15,54,2
15,55,0
15,56,0
15,57,2
15,58,2
15,59,0
15,60,0
15,61,1
15,62,0
15,63,2
15,64,0
15,65,1
15,66,1
15,67,3
15,68,1
15,69,0
15,70,4
15,71,1
15,72,1
15,73,0
15,74,0
15,75,3
15,76,1
15,77,0
15,78,2
15,79,1
15,80,0
15,81,1
15,82,3
15,83,0
15,84,0
15,85,0
15,86,1
15,87,2
15,88,1
15,89,1
15,90,3
15,91,1
15,92,0
15,93,0
15,94,3
15,95,2
15,96,0
15,97,0
15,98,1
15,99,4
16,0,0
16,1,0
16,2,2
16,3,0
16,4,1
16,5,0
16,6,3
16,7,0
16,8,0
16,9,0
16,10,1
16,11,0
16,12,1
16,13,0
16,14,0
16,15,0
16,16,0
16,17,2
16,18,0
16,19,2
16,20,0
16,21,0
16,22,0
16,23,2
16,24,2
16,25,0
16,26,2
16,27,1
16,28,1
16,29,0
16,30,0
16,31,1
16,32,0
16,33,0
16,34,0
16,35,5
16,36,3
16,37,0
16,38,1
16,39,2
16,40,1
16,41,2
16,42,0
16,43,0
16,44,1
16,45,1
16,46,0
16,47,4
16,48,0
16,49,0
16,50,3
16,51,2
16,52,1
16,53,1
16,54,2
16,55,0
16,56,0
16,57,1
16,58,1
16,59,0
16,60,0
16,61,1
16,62,0
16,63,4
16,64,0
16,65,2
16,66,1
16,67,3
16,68,1
16,69,0
16,70,4
16,71,1
16,72,0
16,73,1
16,74,0
16,75,3
16,76,1
16,77,0
16,78,1
16,79,0
16,80,2
16,81,1
16,82,4
16,83,0
16,84,0
16,85,0
16,86,0
16,87,2
16,88,1
16,89,1
16,90,2
16,91,1
16,92,1
16,93,0
16,94,2
16,95,2
16,96,0
16,97,1
16,98,1
16,99,4
17,0,0
17,1,1
17,2,2
17,3,0
17,4,0
17,5,0
17,6,2
17,7,0
17,8,0
17,9,0
17,10,1
17,11,0
17,12,1
17,13,0
17,14,0
17,15,0
17,16,0
17,17,2
17,18,0
17,19,1
17,20,1
17,21,0
17,22,1
17,23,2
17,24,1
17,25,0
17,26,2
17,27,1
17,28,1
17,29,0
17,30,0
17,31,2
17,32,0
17,33,0
17,34,0
17,35,4
17,36,4
17,37,0
17,38,0
17,39,2
17,40,2
17,41,4
17,42,0
17,43,0
17,44,0
17,45,1
17,46,0
17,47,4
17,48,0
17,49,0
17,50,4
17,51,2
17,52,1
17,53,1
17,54,1
17,55,0
17,56,0
17,57,0
17,58,1
17,59,0
17,60,1
17,61,1
17,62,0
17,63,3
17,64,0
17,65,3
17,66,1
17,67,2
17,68,1
17,69,0
17,70,5
17,71,2
17,72,0
17,73,0
17,74,0
17,75,3
17,76,1
17,77,0
17,78,1
17,79,0
17,80,1
17,81,1
17,82,4
17,83,0
17,84,0
17,85,0
17,86,1
17,87,2
17,88,0
17,89,1
17,90,2
17,91,1
17,92,0
17,93,0
17,94,2
17,95,2
17,96,1
17,97,1
17,98,1
17,99,4
18,0,0
18,1,0
18,2,3
18,3,0
18,4,0
18,5,0
18,6,1
18,7,0
18,8,0
18,9,0
18,10,0
18,11,1
18,12,1
18,13,0
18,14,0
18,15,0
18,16,0
18,17,1
18,18,0
18,19,1
18,20,1
18,21,1
18,22,1
18,23,2
18,24,1
18,25,0
18,26,2
18,27,1
18,28,1
18,29,0
18,30,0
18,31,1
18,32,0
18,33,0
18,34,0
18,35,3
18,36,4
18,37,0
18,38,0
18,39,2
18,40,2
18,41,6
18,42,1
18,43,0
18,44,0
18,45,2
18,46,0
18,47,4
18,48,1
18,49,0
18,50,4
18,51,4
18,52,0
18,53,1
18,54,1
18,55,0
18,56,0
18,57,1
18,58,1
18,59,0
18,60,1
18,61,1
18,62,0
18,63,2
18,64,0
18,65,2
18,66,1
18,67,1
18,68,1
18,69,0
18,70,5
18,71,3
18,72,0
18,73,0
18,74,0
18,75,3
18,76,1
18,77,0
18,78,1
18,79,0
18,80,0
18,81,2
18,82,4
18,83,0
18,84,0
18,85,0
18,86,1
18,87,2
18,88,0
18,89,1
18,90,2
18,91,0
18,92,0
18,93,0
18,94,2
18,95,2
18,96,0
18,97,1
18,98,1
18,99,4
19,0,0
19,1,1
19,2,3
19,3,0
19,4,0
19,5,0
19,6,2
19,7,0
19,8,0
19,9,0
19,10,0
19,11,0
19,12,1
19,13,0
19,14,0
19,15,0
19,16,0
19,17,2
19,18,0
19,19,1
19,20,1
19,21,1
19,22,1
19,23,2
19,24,1
19,25,0
19,26,2
19,27,1
19,28,2
19,29,0
19,30,0
19,31,1
19,32,0
19,33,0
19,34,0
19,35,3
19,36,3
19,37,0
19,38,0
19,39,2
19,40,1
19,41,5
19,42,0
19,43,0
19,44,0
19,45,2
19,46,1
19,47,3
19,48,1
19,49,0
19,50,3
19,51,4
19,52,0
19,53,1
19,54,1
19,55,0
19,56,0
19,57,2
19,58,2
19,59,0
19,60,1
19,61,1
19,62,0
19,63,1
19,64,0
19,65,3
19,66,1
19,67,0
19,68,1
19,69,0
19,70,7
19,71,3
19,72,0
19,73,0
19,74,0
19,75,3
19,76,0
19,77,0
19,78,0
19,79,0
19,80,0
19,81,2
19,82,5
19,83,0
19,84,0
19,85,0
19,86,1
19,87,2
19,88,0
19,89,0
19,90,2
19,91,0
19,92,0
19,93,1
19,94,2
19,95,2
19,96,0
19,97,1
19,98,1
19,99,4
20,0,0
20,1,0
20,2,2
20,3,0
20,4,1
20,5,0
20,6,2
20,7,0
20,8,0
20,9,0
20,10,1
20,11,0
20,12,1
20,13,0
20,14,0
20,15,0
20,16,0
20,17,2
20,18,0
20,19,1
20,20,1
20,21,0
20,22,1
20,23,1
20,24,0
20,25,1
20,26,2
20,27,0
20,28,3
20,29,0
20,30,0
20,31,1
20,32,0
20,33,2
20,34,0
20,35,3
20,36,3
20,37,0
20,38,0
20,39,1
20,40,0
20,41,5
20,42,0
20,43,0
20,44,0
20,45,3
20,46,0
20,47,2
20,48,1
20,49,0
20,50,3
20,51,5
20,52,2
20,53,1
20,54,0
20,55,0
20,56,0
20,57,1
20,58,2
20,59,0
20,60,2
20,61,0
20,62,0
20,63,2
20,64,0
20,65,3
20,66,1
20,67,0
20,68,1
20,69,0
20,70,7
20,71,3
20,72,0
20,73,1
20,74,1
20,75,3
20,76,0
20,77,0
20,78,0
20,79,0
20,80,0
20,81,2
20,82,5
20,83,0
20,84,0
20,85,0
20,86,1
20,87,2
20,88,0
20,89,0
20,90,2
20,91,0
20,92,0
20,93,1
20,94,2
20,95,2
20,96,0
20,97,1
20,98,1
20,99,3
21,0,1
21,1,0
21,2,2
21,3,0
21,4,1
21,5,0
21,6,2
21,7,0
21,8,0
21,9,0
21,10,2
21,11,0
21,12,1
21,13,0
21,14,0
21,15,0
21,16,0
21,17,2
21,18,0
21,19,1
21,20,1
21,21,0
21,22,1
21,23,0
21,24,0
21,25,1
21,26,2
21,27,0
21,28,3
21,29,0
21,30,0
21,31,0
21,32,0
21,33,2
21,34,0
21,35,3
21,36,3
21,37,0
21,38,1
21,39,1
21,40,0
21,41,4
21,42,1
21,43,1
21,44,0
21,45,3
21,46,0
21,47,2
21,48,1
21,49,0
21,50,3
21,51,5
21,52,2
21,53,1
21,54,1
21,55,0
21,56,0
21,57,0
21,58,1
21,59,1
21,60,1
21,61,0
21,62,0
21,63,3
21,64,0
21,65,3
21,66,1
21,67,0
21,68,1
21,69,0
21,70,7
21,71,3
21,72,0
21,73,1
21,74,1
21,75,3
21,76,0
21,77,0
21,78,0
21,79,0
21,80,0
21,81,2
21,82,5
21,83,0
21,84,1
21,85,0
21,86,1
21,87,2
21,88,0
21,89,0
21,90,1
21,91,0
21,92,0
21,93,1
21,94,1
21,95,1
21,96,0
21,97,2
21,98,0
21,99,3
22,0,1
22,1,0
22,2,2
22,3,0
22,4,1
22,5,0
22,6,2
22,7,0
22,8,0
22,9,0
22,10,2
22,11,0
22,12,1
22,13,0
22,14,0
22,15,0
22,16,0
22,17,1
22,18,0
22,19,1
22,20,2
22,21,0
22,22,1
22,23,0
22,24,1
22,25,1
22,26,2
22,27,0
22,28,3
22,29,2
22,30,1
22,31,1
22,32,0
22,33,1
22,34,0
22,35,2
22,36,3
22,37,0
22,38,2
22,39,1
22,40,1
22,41,4
22,42,0
22,43,1
22,44,0
22,45,3
22,46,0
22,47,1
22,48,1
22,49,0
22,50,3
22,51,5
22,52,1
22,53,1
22,54,2
22,55,0
22,56,0
22,57,0
22,58,1
22,59,0
22,60,0
22,61,0
22,62,0
22,63,3
22,64,0
22,65,3
22,66,1
22,67,0
22,68,0
22,69,0
22,70,7
22,71,3
22,72,0
22,73,1
22,74,1
22,75,3
22,76,0
22,77,0
22,78,0
22,79,0
22,80,0
22,81,2
22,82,5
22,83,0
22,84,1
22,85,0
22,86,1
22,87,2
22,88,0
22,89,0
22,90,1
22,91,1
22,92,0
22,93,1
22,94,0
22,95,1
22,96,0
22,97,2
22,98,0
22,99,3
23,0,1
23,1,0
23,2,2
23,3,0
23,4,0
23,5,0
23,6,2
23,7,0
23,8,0
23,9,0
23,10,2
23,11,0
23,12,1
23,13,0
23,14,0
23,15,1
23,16,0
23,17,1
23,18,0
23,19,2
23,20,2
23,21,0
23,22,1
23,23,0
23,24,0
23,25,1
23,26,3
23,27,0
23,28,3
23,29,3
23,30,1
23,31,0
23,32,0
23,33,1
23,34,0
23,35,2
23,36,3
23,37,1
23,38,2
23,39,1
23,40,0
23,41,4
23,42,1
23,43,1
23,44,0
23,45,2
23,46,0
23,47,1
23,48,1
23,49,0
23,50,3
23,51,5
23,52,1
23,53,1
23,54,2
23,55,0
23,56,0
23,57,0
23,58,1
23,59,2
23,60,0
23,61,0
23,62,0
23,63,3
23,64,0
23,65,2
23,66,0
23,67,0
23,68,0
23,69,0
23,70,6
23,71,3
23,72,0
23,73,0
23,74,1
23,75,2
23,76,0
23,77,0
23,78,0
23,79,0
23,80,0
23,81,2
23,82,6
23,83,0
23,84,1
23,85,0
23,86,1
23,87,2
23,88,1
23,89,0
23,90,1
23,91,1
23,92,0
23,93,1
23,94,0
23,95,1
23,96,0
23,97,2
23,98,0
23,99,3
24,0,2
24,1,0
24,2,2
24,3,0
24,4,0
24,5,0
24,6,1
24,7,0
24,8,0
24,9,0
24,10,2
24,11,0
24,12,1
24,13,0
24,14,0
24,15,1
24,16,0
24,17,1
24,18,0
24,19,2
24,20,2
24,21,0
24,22,1
24,23,1
24,24,0
24,25,1
24,26,2
24,27,1
24,28,3
24,29,3
24,30,1
24,31,0
24,32,0
24,33,1
24,34,0
24,35,3
24,36,3
24,37,0
24,38,2
24,39,1
24,40,0
24,41,4
24,42,1
24,43,1
24,44,0
24,45,2
24,46,0
24,47,0
24,48,1
24,49,0
24,50,3
24,51,5
24,52,1
24,53,1
24,54,2
24,55,0
24,56,0
24,57,0
24,58,0
24,59,2
24,60,0
24,61,0
24,62,0
24,63,3
24,64,0
24,65,2
24,66,0
24,67,0
24,68,0
24,69,0
24,70,8
24,71,2
24,72,0
24,73,1
24,74,1
24,75,2
24,76,0
24,77,0
24,78,0
24,79,0
24,80,0
24,81,2
24,82,6
24,83,0
24,84,0
24,85,0
24,86,1
24,87,2
24,88,1
24,89,0
24,90,1
24,91,1
24,92,0
24,93,1
24,94,0
24,95,1
24,96,0
24,97,2
24,98,0
24,99,3
25,0,2
25,1,0
25,2,2
25,3,0
25,4,0
25,5,1
25,6,2
25,7,0
25,8,0
25,9,1
25,10,2
25,11,0
25,12,1
25,13,0
25,14,0
25,15,1
25,16,0
25,17,0
25,18,0
25,19,2
25,20,2
25,21,0
25,22,1
25,23,0
25,24,0
25,25,1
25,26,1
25,27,1
25,28,3
25,29,4
25,30,0
25,31,0
25,32,0
25,33,1
25,34,1
25,35,3
25,36,3
25,37,1
25,38,2
25,39,1
25,40,0
25,41,5
25,42,1
25,43,0
25,44,0
25,45,2
25,46,0
25,47,0
25,48,0
25,49,0
25,50,3
25,51,6
25,52,2
25,53,2
25,54,2
25,55,0
25,56,0
25,57,0
25,58,1
25,59,3
25,60,0
25,61,0
25,62,0
25,63,3
25,64,0
25,65,2
25,66,0
25,67,0
25,68,0
25,69,0
25,70,7
25,71,2
25,72,0
25,73,0
25,74,0
25,75,2
25,76,0
25,77,0
25,78,0
25,79,0
25,80,0
25,81,2
25,82,6
25,83,0
25,84,0
25,85,0
25,86,1
25,87,2
25,88,0
25,89,0
25,90,1
25,91,1
25,92,0
25,93,1
25,94,0
25,95,0
25,96,0
25,97,2
25,98,0
25,99,2
26,0,2
26,1,0
26,2,1
26,3,0
26,4,0
26,5,1
26,6,2
26,7,0
26,8,0
26,9,0
26,10,2
26,11,0
26,12,1
26,13,0
26,14,1
26,15,1
26,16,0
26,17,0
26,18,0
26,19,2
26,20,2
26,21,0
26,22,1
26,23,0
26,24,0
26,25,0
26,26,1
26,27,2
26,28,2
26,29,4
26,30,0
26,31,0
26,32,0
26,33,1
26,34,1
26,35,3
26,36,3
26,37,1
26,38,3
26,39,1
26,40,0
26,41,5
26,42,1
26,43,0
26,44,0
26,45,2
26,46,0
26,47,0
26,48,1
26,49,0
26,50,3
26,51,6
26,52,2
26,53,1
26,54,3
26,55,0
26,56,0
26,57,0
26,58,1
26,59,3
26,60,0
26,61,0
26,62,0
26,63,3
26,64,0
26,65,1
26,66,1
26,67,0
26,68,1
26,69,0
26,70,7
26,71,2
26,72,1
26,73,0
26,74,0
26,75,2
26,76,0
26,77,1
26,78,0
26,79,0
26,80,1
26,81,1
26,82,6
26,83,0
26,84,0
26,85,0
26,86,1
26,87,1
26,88,0
26,89,0
26,90,1
26,91,0
26,92,0
26,93,0
26,94,1
26,95,0
26,96,0
26,97,1
26,98,0
26,99,2
27,0,2
27,1,0
27,2,1
27,3,0
27,4,0
27,5,2
27,6,1
27,7,0
27,8,0
27,9,0
27,10,2
27,11,0
27,12,1
27,13,1
27,14,1
27,15,1
27,16,1
27,17,0
27,18,0
27,19,1
27,20,2
27,21,0
27,22,1
27,23,0
27,24,0
27,25,0
27,26,1
27,27,2
27,28,2
27,29,3
27,30,0
27,31,0
27,32,0
27,33,1
27,34,0
27,35,3
27,36,3
27,37,1
27,38,3
27,39,1
27,40,0
27,41,5
27,42,1
27,43,0
27,44,0
27,45,2
27,46,1
27,47,0
27,48,1
27,49,0
27,50,4
27,51,6
27,52,1
27,53,0
27,54,2
27,55,0
27,56,1
27,57,0
27,58,1
27,59,3
27,60,0
27,61,0
27,62,0
27,63,3
27,64,0
27,65,0
27,66,1
27,67,0
27,68,1
27,69,0
27,70,8
27,71,2
27,72,1
27,73,1
27,74,0
27,75,2
27,76,0
27,77,0
27,78,0
27,79,0
27,80,1
27,81,2
27,82,5
27,83,0
27,84,0
27,85,0
27,86,1
27,87,0
27,88,0
27,89,0
27,90,2
27,91,0
27,92,0
27,93,0
27,94,2
27,95,0
27,96,0
27,97,1
27,98,0
27,99,2
28,0,1
28,1,1
28,2,1
28,3,0
28,4,0
28,5,2
28,6,1
28,7,1
28,8,0
28,9,0
28,10,3
28,11,0
28,12,2
28,13,1
28,14,1
28,15,1
28,16,1
28,17,0
28,18,0
28,19,0
28,20,2
28,21,0
28,22,0
28,23,0
28,24,0
28,25,0
28,26,0
28,27,2
28,28,1
28,29,3
28,30,0
28,31,0
28,32,0
28,33,1
28,34,0
28,35,2
28,36,3
28,37,1
28,38,3
28,39,0
28,40,0
28,41,5
28,42,1
28,43,0
28,44,0
28,45,2
28,46,1
28,47,0
28,48,1
28,49,0
28,50,4
28,51,6
28,52,1
28,53,0
28,54,2
28,55,0
28,56,0
28,57,0
28,58,0
28,59,3
28,60,0
28,61,0
28,62,0
28,63,2
28,64,0
28,65,0
28,66,1
28,67,0
28,68,1
28,69,1
28,70,7
28,71,4
28,72,3
28,73,1
28,74,0
28,75,2
28,76,0
28,77,1
28,78,0
28,79,0
28,80,1
28,81,2
28,82,4
28,83,0
28,84,0
28,85,0
28,86,1
28,87,0
28,88,1
28,89,0
28,90,2
28,91,0
28,92,1
28,93,0
28,94,3
28,95,0
28,96,0
28,97,1
28,98,0
28,99,1
29,0,1
29,1,0
29,2,2
29,3,0
29,4,0
29,5,3
29,6,1
29,7,1
29,8,0
29,9,1
29,10,4
29,11,0
29,12,2
29,13,1
29,14,0
29,15,1
29,16,1
29,17,0
29,18,0
29,19,0
29,20,3
29,21,0
29,22,0
29,23,0
29,24,0
29,25,1
29,26,0
29,27,1
29,28,1
29,29,3
29,30,0
29,31,0
29,32,0
29,33,0
29,34,0
29,35,2
29,36,3
29,37,1
29,38,3
29,39,0
29,40,0
29,41,4
29,42,1
29,43,0
29,44,0
29,45,2
29,46,1
29,47,0
29,48,1
29,49,0
29,50,3
29,51,5
29,52,1
29,53,0
29,54,2
29,55,0
29,56,0
29,57,1
29,58,0
29,59,3
29,60,0
29,61,0
29,62,0
29,63,3
29,64,0
29,65,0
29,66,1
29,67,0
29,68,1
29,69,0
29,70,7
29,71,4
29,72,2
29,73,1
29,74,0
29,75,1
29,76,0
29,77,1
29,78,0
29,79,0
29,80,1
29,81,2
29,82,4
29,83,0
29,84,0
29,85,0
29,86,1
29,87,0
29,88,1
29,89,0
29,90,2
29,91,0
29,92,2
29,93,0
29,94,3
29,95,0
29,96,0
29,97,1
29,98,1
29,99,1
30,0,1
30,1,0
30,2,1
30,3,0
30,4,0
30,5,2
30,6,1
30,7,0
30,8,2
30,9,1
30,10,4
30,11,0
30,12,1
30,13,1
30,14,0
30,15,1
30,16,1
30,17,0
30,18,0
30,19,0
30,20,3
30,21,0
30,22,0
30,23,0
30,24,0
30,25,2
30,26,0
30,27,0
30,28,1
30,29,3
30,30,0
30,31,0
30,32,0
30,33,0
30,34,0
30,35,2
30,36,3
30,37,1
30,38,2
30,39,0
30,40,1
30,41,5
30,42,2
30,43,0
30,44,0
30,45,1
30,46,1
30,47,2
30,48,2
30,49,0
30,50,4
30,51,5
30,52,1
30,53,0
30,54,2
30,55,0
30,56,0
30,57,1
30,58,0
30,59,3
30,60,0
30,61,0
30,62,0
30,63,3
30,64,0
30,65,0
30,66,0
30,67,0
30,68,1
30,69,0
30,70,6
30,71,4
30,72,2
30,73,1
30,74,0
30,75,0
30,76,0
30,77,1
30,78,0
30,79,0
30,80,1
30,81,1
30,82,4
30,83,0
30,84,0
30,85,0
30,86,1
30,87,2
30,88,0
30,89,0
30,90,2
30,91,0
30,92,2
30,93,1
30,94,2
30,95,0
30,96,0
30,97,1
30,98,1
30,99,1
31,0,1
31,1,0
31,2,1
31,3,0
31,4,0
31,5,2
31,6,1
31,7,0
31,8,1
31,9,1
31,10,4
31,11,0
31,12,0
31,13,1
31,14,1
31,15,0
31,16,1
31,17,0
31,18,0
31,19,0
31,20,3
31,21,0
31,22,0
31,23,0
31,24,0
31,25,1
31,26,0
31,27,0
31,28,1
31,29,3
31,30,0
31,31,0
31,32,0
31,33,0
31,34,0
31,35,2
31,36,2
31,37,0
31,38,2
31,39,0
31,40,1
31,41,5
31,42,3
31,43,2
31,44,0
31,45,1
31,46,0
31,47,3
31,48,2
31,49,0
31,50,4
31,51,5
31,52,1
31,53,0
31,54,2
31,55,0
31,56,0
31,57,2
31,58,0
31,59,3
31,60,1
31,61,0
31,62,0
31,63,3
31,64,1
31,65,0
31,66,0
31,67,0
31,68,1
31,69,0
31,70,6
31,71,4
31,72,1
31,73,1
31,74,0
31,75,0
31,76,0
31,77,1
31,78,0
31,79,0
31,80,1
31,81,1
31,82,4
31,83,0
31,84,0
31,85,0
31,86,1
31,87,1
31,88,0
31,89,0
31,90,3
31,91,1
31,92,2
31,93,0
31,94,2
31,95,0
31,96,0
31,97,1
31,98,1
31,99,1
32,0,1
32,1,0
32,2,1
32,3,0
32,4,0
32,5,2
32,6,1
32,7,0
32,8,1
32,9,0
32,10,4
32,11,0
32,12,0
32,13,1
32,14,1
32,15,0
32,16,2
32,17,0
32,18,0
32,19,0
32,20,3
32,21,0
32,22,0
32,23,0
32,24,0
32,25,1
32,26,0
32,27,0
32,28,1
32,29,3
32,30,0
32,31,0
32,32,0
32,33,0
32,34,0
32,35,3
32,36,2
32,37,0
32,38,3
32,39,0
32,40,2
32,41,5
32,42,3
32,43,2
32,44,0
32,45,1
32,46,0
32,47,3
32,48,3
32,49,0
32,50,4
32,51,5
32,52,1
32,53,1
32,54,1
32,55,0
32,56,1
32,57,1
32,58,0
32,59,3
32,60,1
32,61,0
32,62,1
32,63,2
32,64,1
32,65,1
32,66,0
32,67,0
32,68,1
32,69,0
32,70,6
32,71,4
32,72,0
32,73,0
32,74,0
32,75,0
32,76,0
32,77,1
32,78,0
32,79,0
32,80,1
32,81,1
32,82,3
32,83,0
32,84,0
32,85,0
32,86,0
32,87,1
32,88,1
32,89,0
32,90,2
32,91,1
32,92,2
32,93,0
32,94,2
32,95,0
32,96,0
32,97,0
32,98,1
32,99,1
33,0,1
33,1,0
33,2,1
33,3,0
33,4,0
33,5,2
33,6,1
33,7,0
33,8,0
33,9,1
33,10,4
33,11,0
33,12,1
33,13,0
33,14,1
33,15,0
33,16,2
33,17,0
33,18,0
33,19,0
33,20,3
33,21,0
33,22,0
33,23,1
33,24,0
33,25,2
33,26,0
33,27,0
33,28,0
33,29,3
33,30,0
33,31,0
33,32,0
33,33,1
33,34,0
33,35,3
33,36,3
33,37,1
33,38,3
33,39,0
33,40,2
33,41,5
33,42,4
33,43,2
33,44,0
33,45,1
33,46,0
33,47,2
33,48,3
33,49,0
33,50,3
33,51,5
33,52,0
33,53,2
33,54,1
33,55,0
33,56,1
33,57,1
33,58,0
33,59,3
33,60,0
33,61,0
33,62,0
33,63,2
33,64,1
33,65,2
33,66,0
33,67,0
33,68,1
33,69,0
33,70,5
33,71,3
33,72,0
33,73,0
33,74,0
33,75,0
33,76,0
33,77,0
33,78,0
33,79,0
33,80,1
33,81,1
33,82,2
33,83,0
33,84,0
33,85,0
33,86,0
33,87,2
33,88,1
33,89,0
33,90,2
33,91,1
33,92,1
33,93,0
33,94,2
33,95,0
33,96,0
33,97,1
33,98,2
33,99,1
34,0,0
34,1,0
34,2,1
34,3,0
34,4,0
34,5,2
34,6,1
34,7,0
34,8,0
34,9,1
34,10,3
34,11,0
34,12,1
34,13,0
34,14,1
34,15,1
34,16,2
34,17,0
34,18,0
34,19,0
34,20,3
34,21,0
34,22,0
34,23,2
34,24,0
34,25,2
34,26,0
34,27,0
34,28,1
34,29,3
34,30,0
34,31,0
34,32,0
34,33,1
34,34,1
34,35,4
34,36,3
34,37,1
34,38,3
34,39,0
34,40,2
34,41,5
34,42,4
34,43,2
34,44,0
34,45,1
34,46,0
34,47,2
34,48,4
34,49,0
34,50,2
34,51,6
34,52,0
34,53,2
34,54,0
34,55,0
34,56,0
34,57,1
34,58,0
34,59,3
34,60,0
34,61,0
34,62,0
34,63,2
34,64,2
34,65,1
34,66,0
34,67,0
34,68,1
34,69,0
34,70,5
34,71,3
34,72,0
34,73,2
34,74,0
34,75,0
34,76,0
34,77,0
34,78,0
34,79,0
34,80,1
34,81,0
34,82,2
34,83,0
34,84,0
34,85,0
34,86,0
34,87,1
34,88,0
34,89,0
34,90,2
34,91,1
34,92,2
34,93,0
34,94,2
34,95,0
34,96,0
34,97,1
34,98,1
34,99,0
35,0,0
35,1,0
35,2,1
35,3,1
35,4,0
35,5,2
35,6,1
35,7,0
35,8,0
35,9,1
35,10,4
35,11,0
35,12,0
35,13,0
35,14,0
35,15,0
35,16,2
35,17,0
35,18,0
35,19,0
35,20,3
35,21,0
35,22,1
35,23,2
35,24,0
35,25,1
35,26,1
35,27,0
35,28,1
35,29,3
35,30,0
35,31,0
35,32,0
35,33,1
35,34,1
35,35,5
35,36,3
35,37,1
35,38,2
35,39,0
35,40,2
35,41,6
35,42,4
35,43,2
35,44,0
35,45,1
35,46,0
35,47,2
35,48,4
35,49,0
35,50,2
35,51,6
35,52,0
35,53,1
35,54,0
35,55,0
35,56,0
35,57,0
35,58,0
35,59,3
35,60,0
35,61,0
35,62,0
35,63,2
35,64,2
35,65,1
35,66,0
35,67,0
35,68,2
35,69,0
35,70,5
35,71,2
35,72,0
35,73,2
35,74,0
35,75,0
35,76,0
35,77,0
35,78,0
35,79,0
35,80,1
35,81,0
35,82,2
35,83,0
35,84,0
35,85,0
35,86,0
35,87,0
35,88,0
35,89,0
35,90,2
35,91,1
35,92,2
35,93,0
35,94,3
35,95,1
35,96,0
35,97,1
35,98,1
35,99,0
36,0,0
36,1,0
36,2,0
36,3,1
36,4,0
36,5,2
36,6,0
36,7,0
36,8,0
36,9,1
36,10,4
36,11,0
36,12,0
36,13,0
36,14,0
36,15,1
36,16,2
36,17,1
36,18,0
36,19,0
36,20,2
36,21,0
36,22,0
36,23,2
36,24,0
36,25,1
36,26,1
36,27,0
36,28,0
36,29,3
36,30,0
36,31,1
36,32,0
36,33,1
36,34,1
36,35,5
36,36,4
36,37,1
36,38,1
36,39,0
36,40,1
36,41,6
36,42,4
36,43,2
36,44,1
36,45,1
36,46,0
36,47,1
36,48,4
36,49,0
36,50,2
36,51,6
36,52,0
36,53,0
36,54,1
36,55,0
36,56,0
36,57,0
36,58,0
36,59,3
36,60,2
36,61,0
36,62,0
36,63,2
36,64,2
36,65,1
36,66,0
36,67,0
36,68,2
36,69,0
36,70,5
36,71,1
36,72,0
36,73,2
36,74,0
36,75,0
36,76,0
36,77,0
36,78,1
36,79,0
36,80,1
36,81,0
36,82,2
36,83,0
36,84,0
36,85,1
36,86,0
36,87,0
36,88,0
36,89,0
36,90,2
36,91,1
36,92,2
36,93,0
36,94,4
36,95,1
36,96,0
36,97,0
36,98,1
36,99,0
37,0,0
37,1,0
37,2,1
37,3,1
37,4,0
37,5,2
37,6,1
37,7,1
37,8,0
37,9,2
37,10,4
37,11,0
37,12,0
37,13,0
37,14,0
37,15,1
37,16,2
37,17,1
37,18,1
37,19,0
37,20,2
37,21,0
37,22,0
37,23,2
37,24,0
37,25,1
37,26,1
37,27,0
37,28,0
37,29,2
37,30,0
37,31,0
37,32,0
37,33,1
37,34,1
37,35,5
37,36,3
37,37,1
37,38,0
37,39,1
37,40,2
37,41,6
37,42,4
37,43,1
37,44,1
37,45,1
37,46,0
37,47,1
37,48,3
37,49,0
37,50,1
37,51,6
37,52,0
37,53,0
37,54,1
37,55,0
37,56,0
37,57,0
37,58,1
37,59,4
37,60,2
37,61,0
37,62,0
37,63,1
37,64,3
37,65,1
37,66,1
37,67,0
37,68,2
37,69,0
37,70,5
37,71,1
37,72,0
37,73,1
37,74,0
37,75,0
37,76,0
37,77,1
37,78,0
37,79,0
37,80,0
37,81,0
37,82,1
37,83,0
37,84,0
37,85,1
37,86,0
37,87,0
37,88,0
37,89,1
37,90,2
37,91,1
37,92,1
37,93,0
37,94,4
37,95,1
37,96,0
37,97,0
37,98,1
37,99,0
38,0,0
38,1,0
38,2,0
38,3,1
38,4,0
38,5,2
38,6,1
38,7,1
38,8,1
38,9,2
38,10,4
38,11,0
38,12,0
38,13,0
38,14,1
38,15,1
38,16,2
38,17,1
38,18,2
38,19,0
38,20,2
38,21,0
38,22,1
38,23,3
38,24,0
38,25,1
38,26,1
38,27,1
38,28,0
38,29,2
38,30,0
38,31,2
38,32,0
38,33,1
38,34,0
38,35,4
38,36,2
38,37,1
38,38,0
38,39,0
38,40,2
38,41,6
38,42,4
38,43,0
38,44,2
38,45,1
38,46,0
38,47,0
38,48,3
38,49,0
38,50,1
38,51,5
38,52,1
38,53,0
38,54,0
38,55,0
38,56,0
38,57,0
38,58,1
38,59,3
38,60,1
38,61,0
38,62,0
38,63,1
38,64,2
38,65,0
38,66,1
38,67,0
38,68,2
38,69,0
38,70,5
38,71,2
38,72,0
38,73,3
38,74,0
38,75,0
38,76,0
38,77,2
38,78,0
38,79,0
38,80,0
38,81,0
38,82,1
38,83,0
38,84,0
38,85,1
38,86,0
38,87,0
38,88,0
38,89,0
38,90,2
38,91,0
38,92,2
38,93,0
38,94,4
38,95,1
38,96,0
38,97,0
38,98,1
38,99,0
39,0,0
39,1,0
39,2,0
39,3,0
39,4,0
39,5,2
39,6,1
39,7,1
39,8,1
39,9,2
39,10,4
39,11,0
39,12,0
39,13,0
39,14,2
39,15,1
39,16,2
39,17,1
39,18,1
39,19,0
39,20,2
39,21,0
39,22,1
39,23,3
39,24,0
39,25,2
39,26,1
39,27,1
39,28,0
39,29,2
39,30,0
39,31,2
39,32,1
39,33,1
39,34,0
39,35,4
39,36,1
39,37,1
39,38,1
39,39,0
39,40,2
39,41,6
39,42,4
39,43,1
39,44,2
39,45,1
39,46,1
39,47,0
39,48,3
39,49,0
39,50,1
39,51,5
39,52,0
39,53,1
39,54,0
39,55,0
39,56,0
39,57,1
39,58,1
39,59,2
39,60,1
39,61,0
39,62,1
39,63,1
39,64,2
39,65,0
39,66,0
39,67,0
39,68,2
39,69,0
39,70,5
39,71,2
39,72,0
39,73,2
39,74,0
39,75,0
39,76,0
39,77,2
39,78,0
39,79,0
39,80,0
39,81,0
39,82,1
39,83,0
39,84,0
39,85,1
39,86,0
39,87,0
39,88,0
39,89,0
39,90,2
39,91,0
39,92,1
39,93,0
39,94,3
39,95,0
39,96,1
39,97,0
39,98,1
39,99,0
40,0,1
40,1,0
40,2,0
40,3,0
40,4,0
40,5,2
40,6,1
40,7,0
40,8,2
40,9,1
40,10,4
40,11,0
40,12,0
40,13,0
40,14,2
40,15,1
40,16,2
40,17,1
40,18,0
40,19,0
40,20,1
40,21,0
40,22,1
40,23,3
40,24,0
40,25,2
40,26,0
40,27,0
40,28,0
40,29,2
40,30,0
40,31,2
40,32,0
40,33,1
40,34,0
40,35,4
40,36,0
40,37,1
40,38,2
40,39,0
40,40,1
40,41,6
40,42,4
40,43,2
40,44,3
40,45,1
40,46,1
40,47,0
40,48,2
40,49,0
40,50,0
40,51,5
40,52,0
40,53,1
40,54,0
40,55,0
40,56,0
40,57,0
40,58,1
40,59,3
40,60,1
40,61,0
40,62,1
40,63,1
40,64,2
40,65,0
40,66,0
40,67,0
40,68,1
40,69,0
40,70,4
40,71,3
40,72,1
40,73,2
40,74,0
40,75,0
40,76,0
40,77,3
40,78,0
40,79,2
40,80,0
40,81,0
40,82,2
40,83,0
40,84,0
40,85,1
40,86,1
40,87,0
40,88,0
40,89,0
40,90,2
40,91,1
40,92,1
40,93,0
40,94,3
40,95,0
40,96,1
40,97,0
40,98,1
40,99,0
41,0,1
41,1,0
41,2,0
41,3,0
41,4,0
41,5,2
41,6,1
41,7,0
41,8,2
41,9,1
41,10,5
41,11,1
41,12,0
41,13,0
41,14,2
41,15,1
41,16,2
41,17,1
41,18,0
41,19,0
41,20,1
41,21,0
41,22,3
41,23,3
41,24,0
41,25,1
41,26,0
41,27,0
41,28,0
41,29,2
41,30,0
41,31,2
41,32,0
41,33,1
41,34,0
41,35,3
41,36,0
41,37,1
41,38,2
41,39,0
41,40,0
41,41,6
41,42,4
41,43,1
41,44,4
41,45,1
41,46,0
41,47,0
41,48,1
41,49,1
41,50,0
41,51,4
41,52,0
41,53,1
41,54,0
41,55,0
41,56,0
41,57,1
41,58,1
41,59,3
41,60,1
41,61,0
41,62,0
41,63,1
41,64,2
41,65,0
41,66,0
41,67,0
41,68,1
41,69,0
41,70,4
41,71,3
41,72,0
41,73,2
41,74,0
41,75,1
41,76,0
41,77,3
41,78,0
41,79,2
41,80,0
41,81,1
41,82,2
41,83,1
41,84,0
41,85,1
41,86,0
41,87,0
41,88,1
41,89,0
41,90,2
41,91,1
41,92,1
41,93,0
41,94,2
41,95,0
41,96,1
41,97,0
41,98,1
41,99,0
42,0,1
42,1,0
42,2,0
42,3,0
42,4,0
42,5,1
42,6,1
42,7,0
42,8,1
42,9,2
42,10,6
42,11,1
42,12,0
42,13,0
42,14,2
42,15,1
42,16,2
42,17,1
42,18,1
42,19,0
42,20,1
42,21,0
42,22,2
42,23,3
42,24,0
42,25,1
42,26,0
42,27,0
42,28,1
42,29,2
42,30,0
42,31,2
42,32,1
42,33,1
42,34,0
42,35,3
42,36,0
42,37,0
42,38,1
42,39,0
42,40,0
42,41,7
42,42,3
42,43,1
42,44,3
42,45,1
42,46,0
42,47,0
42,48,1
42,49,1
42,50,0
42,51,4
42,52,2
42,53,2
42,54,0
42,55,0
42,56,0
42,57,0
42,58,1
42,59,4
42,60,2
42,61,0
42,62,0
42,63,1
42,64,2
42,65,0
42,66,0
42,67,0
42,68,1
42,69,0
42,70,4
42,71,2
42,72,0
42,73,2
42,74,0
42,75,0
42,76,0
42,77,3
42,78,0
42,79,1
42,80,0
42,81,2
42,82,2
42,83,1
42,84,0
42,85,2
42,86,0
42,87,0
42,88,1
42,89,0
42,90,2
42,91,0
42,92,1
42,93,0
42,94,2
42,95,0
42,96,0
42,97,0
42,98,1
42,99,0
43,0,0
43,1,0
43,2,0
43,3,0
43,4,0
43,5,1
43,6,1
43,7,0
43,8,1
43,9,2
43,10,6
43,11,1
43,12,0
43,13,0
43,14,2
43,15,1
43,16,2
43,17,1
43,18,2
43,19,0
43,20,1
43,21,0
43,22,2
43,23,2
43,24,0
43,25,1
43,26,1
43,27,0
43,28,0
43,29,2
43,30,0
43,31,2
43,32,1
43,33,1
43,34,0
43,35,3
43,36,0
43,37,0
43,38,0
43,39,1
43,40,0
43,41,7
43,42,3
43,43,1
43,44,2
43,45,1
43,46,0
43,47,0
43,48,1
43,49,1
43,50,0
43,51,3
43,52,2
43,53,3
43,54,0
43,55,0
43,56,0
43,57,0
43,58,0
43,59,4
43,60,2
43,61,0
43,62,0
43,63,1
43,64,2
43,65,0
43,66,0
43,67,1
43,68,1
43,69,0
43,70,4
43,71,2
43,72,0
43,73,2
43,74,0
43,75,0
43,76,0
43,77,3
43,78,0
43,79,0
43,80,0
43,81,3
43,82,2
43,83,1
43,84,0
43,85,3
43,86,0
43,87,0
43,88,1
43,89,1
43,90,1
43,91,0
43,92,1
43,93,0
43,94,2
43,95,0
43,96,0
43,97,0
43,98,2
43,99,0
44,0,1
44,1,0
44,2,0
44,3,0
44,4,0
44,5,0
44,6,1
44,7,0
44,8,2
44,9,3
44,10,6
44,11,1
44,12,2
44,13,1
44,14,2
44,15,1
44,16,2
44,17,1
44,18,2
44,19,0
44,20,0
44,21,0
44,22,2
44,23,2
44,24,0
44,25,1
44,26,1
44,27,0
44,28,0
44,29,2
44,30,0
44,31,2
44,32,1
44,33,1
44,34,0
44,35,2
44,36,0
44,37,1
44,38,0
44,39,1
44,40,0
44,41,6
44,42,2
44,43,1
44,44,2
44,45,1
44,46,0
44,47,0
44,48,1
44,49,1
44,50,0
44,51,2
44,52,2
44,53,2
44,54,0
44,55,1
44,56,0
44,57,0
44,58,0
44,59,4
44,60,2
44,61,1
44,62,0
44,63,1
44,64,2
44,65,1
44,66,0
44,67,0
44,68,2
44,69,1
44,70,4
44,71,1
44,72,1
44,73,2
44,74,0
44,75,0
44,76,0
44,77,3
44,78,0
44,79,0
44,80,0
44,81,3
44,82,2
44,83,0
44,84,0
44,85,2
44,86,0
44,87,0
44,88,1
44,89,0
44,90,1
44,91,0
44,92,0
44,93,0
44,94,1
44,95,0
44,96,0
44,97,0
44,98,2
44,99,1
45,0,1
45,1,0
45,2,0
45,3,0
45,4,0
45,5,0
45,6,1
45,7,0
45,8,2
45,9,3
45,10,5
45,11,1
45,12,2
45,13,0
45,14,2
45,15,1
45,16,2
45,17,1
45,18,2
45,19,0
45,20,0
45,21,0
45,22,2
45,23,2
45,24,0
45,25,1
45,26,1
45,27,0
45,28,0
45,29,2
45,30,1
45,31,1
45,32,1
45,33,1
45,34,0
45,35,1
45,36,0
45,37,0
45,38,0
45,39,1
45,40,0
45,41,6
45,42,2
45,43,1
45,44,2
45,45,1
45,46,1
45,47,0
45,48,1
45,49,0
45,50,0
45,51,2
45,52,2
45,53,2
45,54,0
45,55,1
45,56,0
45,57,0
45,58,0
45,59,5
45,60,2
45,61,1
45,62,0
45,63,1
45,64,2
45,65,0
45,66,1
45,67,0
45,68,1
45,69,1
45,70,4
45,71,2
45,72,1
45,73,2
45,74,0
45,75,0
45,76,0
45,77,3
45,78,0
45,79,0
45,80,0
45,81,3
45,82,3
45,83,0
45,84,0
45,85,3
45,86,0
45,87,0
45,88,1
45,89,0
45,90,1
45,91,0
45,92,0
45,93,0
45,94,1
45,95,0
45,96,0
45,97,0
45,98,3
45,99,1
46,0,1
46,1,0
46,2,0
46,3,0
46,4,0
46,5,1
46,6,2
46,7,0
46,8,2
46,9,2
46,10,4
46,11,1
46,12,1
46,13,0
46,14,2
46,15,0
46,16,2
46,17,0
46,18,2
46,19,0
46,20,0
46,21,0
46,22,2
46,23,2
46,24,0
46,25,1
46,26,0
46,27,0
46,28,0
46,29,2
46,30,0
46,31,0
46,32,1
46,33,1
46,34,0
46,35,0
46,36,0
46,37,0
46,38,0
46,39,1
46,40,0
46,41,6
46,42,2
46,43,1
46,44,1
46,45,1
46,46,1
46,47,2
46,48,1
46,49,0
46,50,0
46,51,2
46,52,2
46,53,2
46,54,0
46,55,0
46,56,0
46,57,0
46,58,2
46,59,6
46,60,2
46,61,1
46,62,0
46,63,0
46,64,2
46,65,0
46,66,1
46,67,0
46,68,1
46,69,1
46,70,4
46,71,2
46,72,0
46,73,2
46,74,0
46,75,0
46,76,0
46,77,4
46,78,0
46,79,0
46,80,0
46,81,3
46,82,5
46,83,0
46,84,0
46,85,3
46,86,0
46,87,1
46,88,2
46,89,0
46,90,0
46,91,1
46,92,0
46,93,1
46,94,1
46,95,0
46,96,0
46,97,0
46,98,3
46,99,1
47,0,1
47,1,1
47,2,1
47,3,0
47,4,0
47,5,0
47,6,2
47,7,0
47,8,2
47,9,1
47,10,4
47,11,2
47,12,1
47,13,0
47,14,2
47,15,2
47,16,2
47,17,0
47,18,2
47,19,0
47,20,0
47,21,0
47,22,2
47,23,3
47,24,0
47,25,1
47,26,0
47,27,0
47,28,0
47,29,2
47,30,0
47,31,0
47,32,1
47,33,0
47,34,0
47,35,0
47,36,0
47,37,0
47,38,0
47,39,1
47,40,0
47,41,6
47,42,2
47,43,1
47,44,0
47,45,1
47,46,1
47,47,1
47,48,1
47,49,0
47,50,0
47,51,2
47,52,2
47,53,3
47,54,0
47,55,0
47,56,0
47,57,0
47,58,2
47,59,7
47,60,2
47,61,1
47,62,0
47,63,0
47,64,2
47,65,0
47,66,0
47,67,0
47,68,0
47,69,1
47,70,4
47,71,2
47,72,1
47,73,1
47,74,0
47,75,1
47,76,1
47,77,4
47,78,0
47,79,0
47,80,0
47,81,3
47,82,4
47,83,0
47,84,0
47,85,3
47,86,0
47,87,1
47,88,1
47,89,0
47,90,0
47,91,0
47,92,0
47,93,1
47,94,0
47,95,0
47,96,0
47,97,0
47,98,4
47,99,1
48,0,0
48,1,1
48,2,2
48,3,0
48,4,0
48,5,0
48,6,1
48,7,0
48,8,2
48,9,1
48,10,5
48,11,2
48,12,1
48,13,0
48,14,2
48,15,2
48,16,2
48,17,0
48,18,2
48,19,0
48,20,0
48,21,0
48,22,2
48,23,3
48,24,0
48,25,1
48,26,1
48,27,0
48,28,0
48,29,2
48,30,0
48,31,0
48,32,1
48,33,0
48,34,0
48,35,1
48,36,0
48,37,0
48,38,0
48,39,3
48,40,0
48,41,5
48,42,2
48,43,1
48,44,0
48,45,1
48,46,1
48,47,0
48,48,1
48,49,0
48,50,0
48,51,1
48,52,2
48,53,2
48,54,0
48,55,0
48,56,0
48,57,0
48,58,2
48,59,6
48,60,2
48,61,1
48,62,0
48,63,0
48,64,2
48,65,0
48,66,0
48,67,0
48,68,0
48,69,1
48,70,4
48,71,2
48,72,2
48,73,0
48,74,0
48,75,1
48,76,1
48,77,4
48,78,0
48,79,0
48,80,1
48,81,2
48,82,4
48,83,0
48,84,0
48,85,3
48,86,0
48,87,1
48,88,1
48,89,2
48,90,0
48,91,0
48,92,0
48,93,1
48,94,0
48,95,0
48,96,0
48,97,0
48,98,4
48,99,0
49,0,0
49,1,2
49,2,1
49,3,0
49,4,0
49,5,0
49,6,0
49,7,0
49,8,1
49,9,2
49,10,5
49,11,2
49,12,1
49,13,0
49,14,2
49,15,1
49,16,2
49,17,0
49,18,2
49,19,0
49,20,1
49,21,2
49,22,1
49,23,4
49,24,0
49,25,1
49,26,1
49,27,0
49,28,0
49,29,1
49,30,0
49,31,0
49,32,1
49,33,0
49,34,0
49,35,1
49,36,0
49,37,0
49,38,0
49,39,3
49,40,0
49,41,4
49,42,1
49,43,3
49,44,0
49,45,1
49,46,1
49,47,0
49,48,1
49,49,0
49,50,0
49,51,0
49,52,2
49,53,1
49,54,0
49,55,0
49,56,0
49,57,0
49,58,2
49,59,6
49,60,2
49,61,1
49,62,0
49,63,0
49,64,1
49,65,0
49,66,1
49,67,0
49,68,0
49,69,1
49,70,3
49,71,1
49,72,2
49,73,0
49,74,0
49,75,2
49,76,1
49,77,4
49,78,0
49,79,0
49,80,2
49,81,2
49,82,4
49,83,0
49,84,1
49,85,3
49,86,1
49,87,0
49,88,0
49,89,1
49,90,0
49,91,0
49,92,1
49,93,2
49,94,0
49,95,1
49,96,0
49,97,0
49,98,3
49,99,1
50,0,0
50,1,3
50,2,1
50,3,0
50,4,0
50,5,0
50,6,0
50,7,0
50,8,0
50,9,2
50,10,4
50,11,2
50,12,1
50,13,1
50,14,2
50,15,1
50,16,2
50,17,1
50,18,2
50,19,0
50,20,1
50,21,2
50,22,1
50,23,4
50,24,0
50,25,0
50,26,2
50,27,0
50,28,0
50,29,1
50,30,0
50,31,0
50,32,1
50,33,0
50,34,0
50,35,1
50,36,0
50,37,0
50,38,0
50,39,2
50,40,0
50,41,5
50,42,1
50,43,3
50,44,0
50,45,1
50,46,1
50,47,1
50,48,2
50,49,0
50,50,0
50,51,0
50,52,2
50,53,0
50,54,0
50,55,0
50,56,0
50,57,0
50,58,1
50,59,5
50,60,2
50,61,1
50,62,0
50,63,0
50,64,3
50,65,0
50,66,1
50,67,0
50,68,0
50,69,2
50,70,3
50,71,1
50,72,2
50,73,0
50,74,0
50,75,2
50,76,2
50,77,3
50,78,0
50,79,0
50,80,1
50,81,2
50,82,3
50,83,0
50,84,1
50,85,2
50,86,0
50,87,0
50,88,0
50,89,0
50,90,0
50,91,0
50,92,1
50,93,2
50,94,0
50,95,2
50,96,0
50,97,0
50,98,4
50,99,1
51,0,0
51,1,6
51,2,1
51,3,0
51,4,0
51,5,1
51,6,0
51,7,0
51,8,0
51,9,2
51,10,4
51,11,1
51,12,1
51,13,1
51,14,2
51,15,1
51,16,2
51,17,1
51,18,2
51,19,0
51,20,0
51,21,2
51,22,1
51,23,3
51,24,1
51,25,0
51,26,1
51,27,0
51,28,0
51,29,1
51,30,0
51,31,0
51,32,1
51,33,0
51,34,0
51,35,1
51,36,0
51,37,0
51,38,0
51,39,2
51,40,0
51,41,4
51,42,0
51,43,3
51,44,0
51,45,1
51,46,0
51,47,2
51,48,2
51,49,1
51,50,0
51,51,0
51,52,2
51,53,2
51,54,0
51,55,0
51,56,0
51,57,0
51,58,1
51,59,5
51,60,1
51,61,1
51,62,0
51,63,0
51,64,3
51,65,0
51,66,1
51,67,0
51,68,0
51,69,2
51,70,3
51,71,0
51,72,2
51,73,0
51,74,0
51,75,3
51,76,2
51,77,3
51,78,0
51,79,0
51,80,1
51,81,2
51,82,3
51,83,0
51,84,0
51,85,2
51,86,0
51,87,0
51,88,0
51,89,0
51,90,0
51,91,0
51,92,1
51,93,2
51,94,0
51,95,2
51,96,0
51,97,0
51,98,4
51,99,1
52,0,0
52,1,6
52,2,1
52,3,0
52,4,0
52,5,0
52,6,0
52,7,0
52,8,0
52,9,2
52,10,3
52,11,1
52,12,1
52,13,1
52,14,1
52,15,1
52,16,2
52,17,1
52,18,2
52,19,0
52,20,0
52,21,2
52,22,1
52,23,3
52,24,1
52,25,0
52,26,1
52,27,0
52,28,0
52,29,1
52,30,0
52,31,0
52,32,1
52,33,0
52,34,0
52,35,1
52,36,1
52,37,0
52,38,0
52,39,1
52,40,0
52,41,5
52,42,0
52,43,3
52,44,0
52,45,0
52,46,0
52,47,2
52,48,2
52,49,1
52,50,1
52,51,0
52,52,2
52,53,2
52,54,0
52,55,0
52,56,0
52,57,0
52,58,1
52,59,5
52,60,1
52,61,2
52,62,0
52,63,1
52,64,2
52,65,0
52,66,1
52,67,0
52,68,0
52,69,1
52,70,3
52,71,0
52,72,1
52,73,0
52,74,0
52,75,4
52,76,2
52,77,3
52,78,0
52,79,0
52,80,0
52,81,2
52,82,4
52,83,0
52,84,0
52,85,2
52,86,0
52,87,0
52,88,0
52,89,1
52,90,0
52,91,0
52,92,1
52,93,1
52,94,1
52,95,2
52,96,1
52,97,0
52,98,4
52,99,1
53,0,0
53,1,6
53,2,1
53,3,0
53,4,0
53,5,0
53,6,0
53,7,0
53,8,0
53,9,3
53,10,2
53,11,1
53,12,0
53,13,1
53,14,1
53,15,1
53,16,2
53,17,2
53,18,2
53,19,0
53,20,0
53,21,2
53,22,0
53,23,2
53,24,1
53,25,1
53,26,1
53,27,0
53,28,0
53,29,0
53,30,0
53,31,0
53,32,0
53,33,0
53,34,1
53,35,1
53,36,1
53,37,0
53,38,0
53,39,2
53,40,0
53,41,5
53,42,0
53,43,4
53,44,0
53,45,0
53,46,0
53,47,2
53,48,2
53,49,1
53,50,0
53,51,0
53,52,2
53,53,3
53,54,0
53,55,0
53,56,0
53,57,1
53,58,0
53,59,5
53,60,3
53,61,2
53,62,0
53,63,1
53,64,2
53,65,0
53,66,0
53,67,0
53,68,0
53,69,0
53,70,3
53,71,0
53,72,0
53,73,0
53,74,0
53,75,3
53,76,2
53,77,3
53,78,0
53,79,0
53,80,0
53,81,2
53,82,4
53,83,0
53,84,0
53,85,2
53,86,0
53,87,0
53,88,0
53,89,0
53,90,0
53,91,1
53,92,1
53,93,1
53,94,2
53,95,2
53,96,1
53,97,0
53,98,5
53,99,1
54,0,0
54,1,6
54,2,1
54,3,0
54,4,0
54,5,0
54,6,0
54,7,0
54,8,0
54,9,3
54,10,1
54,11,1
54,12,0
54,13,0
54,14,1
54,15,1
54,16,2
54,17,3
54,18,2
54,19,0
54,20,0
54,21,2
54,22,1
54,23,2
54,24,0
54,25,1
54,26,1
54,27,0
54,28,0
54,29,0
54,30,0
54,31,0
54,32,0
54,33,1
54,34,1
54,35,0
54,36,1
54,37,0
54,38,0
54,39,2
54,40,0
54,41,5
54,42,0
54,43,5
54,44,0
54,45,1
54,46,0
54,47,2
54,48,2
54,49,1
54,50,0
54,51,0
54,52,2
54,53,3
54,54,0
54,55,0
54,56,0
54,57,0
54,58,0
54,59,5
54,60,2
54,61,2
54,62,0
54,63,1
54,64,2
54,65,0
54,66,0
54,67,0
54,68,0
54,69,0
54,70,4
54,71,0
54,72,0
54,73,0
54,74,0
54,75,4
54,76,2
54,77,3
54,78,0
54,79,0
54,80,1
54,81,2
54,82,4
54,83,0
54,84,0
54,85,2
54,86,0
54,87,0
54,88,0
54,89,0
54,90,0
54,91,1
54,92,1
54,93,1
54,94,2
54,95,1
54,96,1
54,97,0
54,98,4
54,99,1
55,0,0
55,1,6
55,2,1
55,3,0
55,4,0
55,5,0
55,6,0
55,7,1
55,8,0
55,9,3
55,10,0
55,11,1
55,12,0
55,13,0
55,14,1
55,15,1
55,16,2
55,17,3
55,18,2
55,19,0
55,20,0
55,21,2
55,22,2
55,23,2
55,24,0
55,25,1
55,26,0
55,27,0
55,28,0
55,29,0
55,30,1
55,31,0
55,32,0
55,33,1
55,34,2
55,35,0
55,36,1
55,37,0
55,38,0
55,39,1
55,40,0
55,41,5
55,42,0
55,43,4
55,44,0
55,45,1
55,46,0
55,47,2
55,48,2
55,49,0
55,50,0
55,51,0
55,52,2
55,53,3
55,54,0
55,55,0
55,56,0
55,57,0
55,58,0
55,59,4
55,60,2
55,61,2
55,62,0
55,63,0
55,64,2
55,65,0
55,66,0
55,67,0
55,68,0
55,69,0
55,70,4
55,71,0
55,72,0
55,73,0
55,74,1
55,75,5
55,76,1
55,77,3
55,78,1
55,79,0
55,80,0
55,81,3
55,82,5
55,83,1
55,84,0
55,85,1
55,86,0
55,87,0
55,88,1
55,89,0
55,90,0
55,91,0
55,92,1
55,93,1
55,94,2
55,95,1
55,96,1
55,97,1
55,98,3
55,99,1
56,0,0
56,1,7
56,2,0
56,3,0
56,4,1
56,5,0
56,6,0
56,7,1
56,8,0
56,9,3
56,10,0
56,11,0
56,12,0
56,13,0
56,14,1
56,15,1
56,16,1
56,17,2
56,18,2
56,19,1
56,20,1
56,21,2
56,22,2
56,23,2
56,24,0
56,25,1
56,26,0
56,27,0
56,28,0
56,29,0
56,30,1
56,31,0
56,32,0
56,33,1
56,34,2
56,35,0
56,36,1
56,37,0
56,38,0
56,39,1
56,40,0
56,41,5
56,42,0
56,43,4
56,44,0
56,45,1
56,46,0
56,47,1
56,48,2
56,49,0
56,50,0
56,51,0
56,52,2
56,53,3
56,54,0
56,55,1
56,56,0
56,57,0
56,58,0
56,59,4
56,60,2
56,61,2
56,62,0
56,63,0
56,64,2
56,65,0
56,66,0
56,67,0
56,68,1
56,69,0
56,70,4
56,71,0
56,72,0
56,73,0
56,74,1
56,75,5
56,76,0
56,77,3
56,78,1
56,79,0
56,80,0
56,81,2
56,82,5
56,83,1
56,84,0
56,85,1
56,86,0
56,87,0
56,88,1
56,89,0
56,90,0
56,91,2
56,92,1
56,93,0
56,94,2
56,95,1
56,96,1
56,97,1
56,98,3
56,99,1
57,0,0
57,1,7
57,2,0
57,3,0
57,4,1
57,5,0
57,6,0
57,7,1
57,8,0
57,9,3
57,10,0
57,11,0
57,12,0
57,13,0
57,14,1
57,15,1
57,16,1
57,17,1
57,18,2
57,19,1
57,20,0
57,21,2
57,22,2
57,23,1
57,24,0
57,25,1
57,26,0
57,27,0
57,28,1
57,29,0
57,30,1
57,31,0
57,32,0
57,33,1
57,34,3
57,35,0
57,36,1
57,37,0
57,38,0
57,39,3
57,40,0
57,41,5
57,42,1
57,43,4
57,44,0
57,45,1
57,46,0
57,47,0
57,48,2
57,49,0
57,50,0
57,51,0
57,52,1
57,53,3
57,54,0
57,55,1
57,56,0
57,57,0
57,58,0
57,59,3
57,60,2
57,61,3
57,62,1
57,63,0
57,64,1
57,65,2
57,66,0
57,67,0
57,68,0
57,69,0
57,70,4
57,71,1
57,72,0
57,73,0
57,74,1
57,75,4
57,76,0
57,77,3
57,78,1
57,79,0
57,80,0
57,81,2
57,82,6
57,83,0
57,84,0
57,85,1
57,86,0
57,87,0
57,88,0
57,89,0
57,90,0
57,91,2
57,92,1
57,93,0
57,94,2
57,95,1
57,96,1
57,97,1
57,98,3
57,99,1
58,0,1
58,1,7
58,2,0
58,3,0
58,4,1
58,5,0
58,6,0
58,7,1
58,8,0
58,9,3
58,10,0
58,11,0
58,12,0
58,13,0
58,14,2
58,15,1
58,16,1
58,17,1
58,18,1
58,19,1
58,20,0
58,21,2
58,22,2
58,23,1
58,24,0
58,25,1
58,26,1
58,27,0
58,28,1
58,29,0
58,30,2
58,31,0
58,32,0
58,33,1
58,34,2
58,35,0
58,36,1
58,37,0
58,38,0
58,39,3
58,40,0
58,41,5
58,42,1
58,43,4
58,44,0
58,45,1
58,46,0
58,47,0
58,48,2
58,49,0
58,50,0
58,51,0
58,52,0
58,53,2
58,54,0
58,55,1
58,56,1
58,57,0
58,58,0
58,59,3
58,60,2
58,61,3
58,62,0
58,63,0
58,64,0
58,65,2
58,66,0
58,67,0
58,68,0
58,69,0
58,70,4
58,71,1
58,72,0
58,73,0
58,74,1
58,75,6
58,76,0
58,77,3
58,78,1
58,79,0
58,80,0
58,81,2
58,82,5
58,83,0
58,84,0
58,85,0
58,86,0
58,87,1
58,88,0
58,89,0
58,90,0
58,91,2
58,92,1
58,93,0
58,94,2
58,95,1
58,96,1
58,97,2
58,98,2
58,99,1
59,0,1
59,1,6
59,2,0
59,3,0
59,4,0
59,5,0
59,6,0
59,7,1
59,8,0
59,9,4
59,10,0
59,11,0
59,12,0
59,13,0
59,14,2
59,15,1
59,16,1
59,17,1
59,18,2
59,19,1
59,20,0
59,21,2
59,22,1
59,23,1
59,24,0
59,25,1
59,26,1
59,27,0
59,28,0
59,29,0
59,30,1
59,31,0
59,32,0
59,33,1
59,34,2
59,35,0
59,36,0
59,37,0
59,38,0
59,39,3
59,40,0
59,41,5
59,42,2
59,43,4
59,44,0
59,45,0
59,46,0
59,47,0
59,48,2
59,49,0
59,50,0
59,51,2
59,52,0
59,53,2
59,54,0
59,55,1
59,56,1
59,57,0
59,58,1
59,59,3
59,60,2
59,61,2
59,62,0
59,63,0
59,64,0
59,65,3
59,66,0
59,67,0
59,68,0
59,69,0
59,70,3
59,71,1
59,72,0
59,73,1
59,74,1
59,75,6
59,76,0
59,77,3
59,78,1
59,79,0
59,80,0
59,81,2
59,82,5
59,83,0
59,84,0
59,85,0
59,86,1
59,87,2
59,88,0
59,89,0
59,90,0
59,91,1
59,92,1
59,93,0
59,94,2
59,95,1
59,96,1
59,97,3
59,98,1
59,99,1
60,0,0
60,1,6
60,2,1
60,3,0
60,4,0
60,5,1
60,6,0
60,7,1
60,8,0
60,9,3
60,10,1
60,11,0
60,12,0
60,13,0
60,14,1
60,15,1
60,16,1
60,17,1
60,18,2
60,19,1
60,20,0
60,21,1
60,22,1
60,23,2
60,24,0
60,25,1
60,26,1
60,27,0
60,28,0
60,29,0
60,30,0
60,31,0
60,32,0
60,33,1
60,34,2
60,35,0
60,36,1
60,37,0
60,38,0
60,39,3
60,40,1
60,41,4
60,42,2
60,43,4
60,44,0
60,45,0
60,46,0
60,47,0
60,48,2
60,49,1
60,50,0
60,51,1
60,52,0
60,53,4
60,54,0
60,55,1
60,56,1
60,57,0
60,58,1
60,59,3
60,60,2
60,61,2
60,62,0
60,63,0
60,64,0
60,65,2
60,66,0
60,67,0
60,68,0
60,69,0
60,70,3
60,71,1
60,72,0
60,73,1
60,74,1
60,75,6
60,76,0
60,77,4
60,78,1
60,79,0
60,80,0
60,81,1
60,82,5
60,83,0
60,84,0
60,85,0
60,86,1
60,87,2
60,88,0
60,89,0
60,90,0
60,91,1
60,92,1
60,93,0
60,94,1
60,95,1
60,96,0
60,97,3
60,98,2
60,99,1
61,0,1
61,1,5
61,2,1
61,3,0
61,4,0
61,5,0
61,6,0
61,7,1
61,8,0
61,9,3
61,10,1
61,11,1
61,12,0
61,13,0
61,14,1
61,15,1
61,16,0
61,17,1
61,18,2
61,19,1
61,20,0
61,21,1
61,22,0
61,23,1
61,24,0
61,25,1
61,26,1
61,27,0
61,28,0
61,29,0
61,30,1
61,31,0
61,32,0
61,33,1
61,34,2
61,35,1
61,36,1
61,37,0
61,38,0
61,39,3
61,40,2
61,41,4
61,42,3
61,43,4
61,44,0
61,45,0
61,46,0
61,47,0
61,48,2
61,49,1
61,50,0
61,51,0
61,52,0
61,53,5
61,54,0
61,55,1
61,56,1
61,57,1
61,58,1
61,59,3
61,60,2
61,61,2
61,62,0
61,63,0
61,64,0
61,65,1
61,66,1
61,67,0
61,68,0
61,69,0
61,70,4
61,71,2
61,72,0
61,73,0
61,74,1
61,75,6
61,76,0
61,77,4
61,78,0
61,79,0
61,80,0
61,81,1
61,82,4
61,83,0
61,84,0
61,85,0
61,86,1
61,87,2
61,88,0
61,89,0
61,90,1
61,91,1
61,92,1
61,93,0
61,94,1
61,95,1
61,96,0
61,97,2
61,98,2
61,99,0
62,0,1
62,1,5
62,2,0
62,3,1
62,4,0
62,5,1
62,6,0
62,7,1
62,8,0
62,9,3
62,10,1
62,11,1
62,12,0
62,13,0
62,14,1
62,15,1
62,16,0
62,17,1
62,18,2
62,19,1
62,20,0
62,21,0
62,22,0
62,23,1
62,24,0
62,25,1
62,26,1
62,27,0
62,28,0
62,29,0
62,30,1
62,31,0
62,32,0
62,33,1
62,34,2
62,35,2
62,36,1
62,37,0
62,38,0
62,39,3
62,40,2
62,41,4
62,42,3
62,43,4
62,44,0
62,45,0
62,46,0
62,47,0
62,48,2
62,49,1
62,50,0
62,51,0
62,52,0
62,53,5
62,54,0
62,55,0
62,56,1
62,57,1
62,58,1
62,59,3
62,60,1
62,61,2
62,62,0
62,63,0
62,64,1
62,65,1
62,66,0
62,67,0
62,68,0
62,69,0
62,70,3
62,71,3
62,72,1
62,73,0
62,74,1
62,75,6
62,76,0
62,77,4
62,78,0
62,79,0
62,80,0
62,81,1
62,82,4
62,83,0
62,84,0
62,85,0
62,86,1
62,87,1
62,88,0
62,89,0
62,90,1
62,91,1
62,92,0
62,93,0
62,94,2
62,95,2
62,96,0
62,97,2
62,98,2
62,99,0
63,0,1
63,1,4
63,2,0
63,3,0
63,4,0
63,5,1
63,6,0
63,7,0
63,8,0
63,9,3
63,10,1
63,11,1
63,12,1
63,13,0
63,14,1
63,15,1
63,16,1
63,17,2
63,18,2
63,19,1
63,20,0
63,21,0
63,22,0
63,23,1
63,24,0
63,25,1
63,26,1
63,27,1
63,28,1
63,29,0
63,30,1
63,31,0
63,32,0
63,33,1
63,34,2
63,35,2
63,36,1
63,37,0
63,38,0
63,39,3
63,40,2
63,41,5
63,42,2
63,43,4
63,44,0
63,45,0
63,46,0
63,47,0
63,48,2
63,49,1
63,50,0
63,51,0
63,52,0
63,53,5
63,54,0
63,55,1
63,56,0
63,57,1
63,58,1
63,59,3
63,60,0
63,61,2
63,62,0
63,63,0
63,64,0
63,65,1
63,66,0
63,67,0
63,68,0
63,69,0
63,70,3
63,71,3
63,72,0
63,73,0
63,74,1
63,75,5
63,76,0
63,77,4
63,78,0
63,79,1
63,80,0
63,81,1
63,82,4
63,83,0
63,84,0
63,85,1
63,86,0
63,87,1
63,88,0
63,89,0
63,90,1
63,91,0
63,92,0
63,93,0
63,94,2
63,95,2
63,96,0
63,97,3
63,98,2
63,99,1
64,0,1
64,1,3
64,2,0
64,3,0
64,4,0
64,5,1
64,6,0
64,7,0
64,8,0
64,9,3
64,10,1
64,11,0
64,12,1
64,13,0
64,14,1
64,15,2
64,16,1
64,17,2
64,18,2
64,19,1
64,20,1
64,21,1
64,22,0
64,23,1
64,24,0
64,25,1
64,26,1
64,27,0
64,28,0
64,29,0
64,30,0
64,31,1
64,32,0
64,33,1
64,34,2
64,35,2
64,36,0
64,37,0
64,38,1
64,39,3
64,40,1
64,41,5
64,42,1
64,43,4
64,44,1
64,45,0
64,46,0
64,47,0
64,48,2
64,49,0
64,50,1
64,51,1
64,52,0
64,53,5
64,54,0
64,55,1
64,56,0
64,57,1
64,58,1
64,59,3
64,60,1
64,61,2
64,62,0
64,63,0
64,64,0
64,65,1
64,66,0
64,67,0
64,68,0
64,69,0
64,70,2
64,71,3
64,72,0
64,73,2
64,74,1
64,75,5
64,76,0
64,77,3
64,78,0
64,79,0
64,80,0
64,81,1
64,82,4
64,83,0
64,84,0
64,85,1
64,86,0
64,87,1
64,88,0
64,89,1
64,90,1
64,91,0
64,92,0
64,93,0
64,94,2
64,95,2
64,96,0
64,97,3
64,98,2
64,99,1
65,0,2
65,1,3
65,2,0
65,3,0
65,4,0
65,5,0
65,6,0
65,7,0
65,8,0
65,9,2
65,10,1
65,11,1
65,12,1
65,13,0
65,14,1
65,15,2
65,16,1
65,17,2
65,18,2
65,19,1
65,20,1
65,21,0
65,22,0
65,23,1
65,24,0
65,25,1
65,26,1
65,27,0
65,28,0
65,29,0
65,30,0
65,31,1
65,32,0
65,33,1
65,34,2
65,35,2
65,36,0
65,37,0
65,38,1
65,39,3
65,40,1
65,41,6
65,42,0
65,43,4
65,44,1
65,45,0
65,46,0
65,47,0
65,48,1
65,49,1
65,50,1
65,51,1
65,52,0
65,53,6
65,54,0
65,55,1
65,56,0
65,57,1
65,58,1
65,59,3
65,60,0
65,61,2
65,62,0
65,63,0
65,64,0
65,65,1
65,66,0
65,67,0
65,68,0
65,69,0
65,70,2
65,71,3
65,72,0
65,73,2
65,74,1
65,75,5
65,76,0
65,77,3
65,78,0
65,79,0
65,80,0
65,81,0
65,82,4
65,83,0
65,84,0
65,85,1
65,86,0
65,87,2
65,88,1
65,89,1
65,90,1
65,91,0
65,92,0
65,93,0
65,94,2
65,95,2
65,96,0
65,97,3
65,98,2
65,99,1
66,0,1
66,1,3
66,2,0
66,3,0
66,4,0
66,5,0
66,6,0
66,7,0
66,8,0
66,9,3
66,10,1
66,11,1
66,12,0
66,13,1
66,14,1
66,15,2
66,16,1
66,17,2
66,18,1
66,19,1
66,20,1
66,21,0
66,22,1
66,23,1
66,24,1
66,25,1
66,26,0
66,27,0
66,28,0
66,29,1
66,30,0
66,31,0
66,32,1
66,33,1
66,34,1
66,35,2
66,36,0
66,37,1
66,38,1
66,39,3
66,40,1
66,41,6
66,42,0
66,43,3
66,44,1
66,45,0
66,46,0
66,47,0
66,48,1
66,49,1
66,50,1
66,51,1
66,52,0
66,53,7
66,54,0
66,55,2
66,56,0
66,57,0
66,58,2
66,59,3
66,60,0
66,61,2
66,62,1
66,63,0
66,64,0
66,65,1
66,66,0
66,67,0
66,68,1
66,69,1
66,70,2
66,71,2
66,72,0
66,73,2
66,74,0
66,75,4
66,76,0
66,77,3
66,78,0
66,79,0
66,80,0
66,81,0
66,82,4
66,83,0
66,84,0
66,85,1
66,86,0
66,87,2
66,88,0
66,89,1
66,90,1
66,91,0
66,92,0
66,93,0
66,94,2
66,95,1
66,96,0
66,97,3
66,98,2
66,99,1
67,0,1
67,1,3
67,2,0
67,3,0
67,4,0
67,5,0
67,6,1
67,7,0
67,8,0
67,9,3
67,10,1
67,11,2
67,12,0
67,13,0
67,14,1
67,15,2
67,16,1
67,17,2
67,18,1
67,19,1
67,20,1
67,21,0
67,22,0
67,23,2
67,24,2
67,25,3
67,26,0
67,27,0
67,28,0
67,29,1
67,30,0
67,31,0
67,32,0
67,33,0
67,34,1
67,35,2
67,36,0
67,37,1
67,38,0
67,39,2
67,40,1
67,41,7
67,42,0
67,43,3
67,44,1
67,45,0
67,46,0
67,47,0
67,48,0
67,49,2
67,50,1
67,51,1
67,52,0
67,53,8
67,54,0
67,55,2
67,56,0
67,57,0
67,58,1
67,59,3
67,60,0
67,61,2
67,62,1
67,63,0
67,64,0
67,65,1
67,66,0
67,67,0
67,68,0
67,69,0
67,70,2
67,71,2
67,72,0
67,73,2
67,74,0
67,75,5
67,76,0
67,77,3
67,78,0
67,79,0
67,80,0
67,81,0
67,82,4
67,83,0
67,84,0
67,85,0
67,86,0
67,87,1
67,88,0
67,89,1
67,90,1
67,91,1
67,92,1
67,93,0
67,94,2
67,95,1
67,96,0
67,97,3
67,98,2
67,99,1
68,0,1
68,1,3
68,2,1
68,3,0
68,4,0
68,5,1
68,6,1
68,7,0
68,8,0
68,9,2
68,10,0
68,11,1
68,12,0
68,13,0
68,14,0
68,15,3
68,16,1
68,17,2
68,18,1
68,19,1
68,20,1
68,21,1
68,22,0
68,23,2
68,24,1
68,25,3
68,26,0
68,27,0
68,28,0
68,29,1
68,30,0
68,31,0
68,32,0
68,33,0
68,34,1
68,35,2
68,36,1
68,37,1
68,38,0
68,39,2
68,40,1
68,41,6
68,42,0
68,43,4
68,44,0
68,45,1
68,46,0
68,47,0
68,48,0
68,49,1
68,50,1
68,51,2
68,52,0
68,53,7
68,54,1
68,55,1
68,56,0
68,57,0
68,58,1
68,59,3
68,60,0
68,61,2
68,62,1
68,63,0
68,64,0
68,65,0
68,66,0
68,67,0
68,68,1
68,69,0
68,70,2
68,71,2
68,72,1
68,73,1
68,74,1
68,75,5
68,76,0
68,77,3
68,78,0
68,79,0
68,80,0
68,81,0
68,82,4
68,83,0
68,84,0
68,85,0
68,86,0
68,87,1
68,88,0
68,89,1
68,90,1
68,91,1
68,92,1
68,93,0
68,94,2
68,95,1
68,96,0
68,97,3
68,98,2
68,99,1
69,0,1
69,1,3
69,2,1
69,3,1
69,4,0
69,5,1
69,6,1
69,7,0
69,8,0
69,9,2
69,10,0
69,11,0
69,12,0
69,13,0
69,14,0
69,15,4
69,16,2
69,17,2
69,18,1
69,19,1
69,20,1
69,21,1
69,22,0
69,23,2
69,24,1
69,25,3
69,26,0
69,27,0
69,28,0
69,29,1
69,30,0
69,31,0
69,32,0
69,33,1
69,34,1
69,35,2
69,36,3
69,37,1
69,38,0
69,39,2
69,40,1
69,41,5
69,42,0
69,43,3
69,44,0
69,45,2
69,46,0
69,47,0
69,48,0
69,49,1
69,50,2
69,51,1
69,52,0
69,53,6
69,54,1
69,55,1
69,56,0
69,57,0
69,58,1
69,59,3
69,60,0
69,61,2
69,62,0
69,63,0
69,64,0
69,65,0
69,66,0
69,67,0
69,68,1
69,69,0
69,70,2
69,71,1
69,72,2
69,73,1
69,74,1
69,75,5
69,76,0
69,77,3
69,78,0
69,79,0
69,80,0
69,81,0
69,82,4
69,83,0
69,84,0
69,85,0
69,86,1
69,87,1
69,88,0
69,89,1
69,90,1
69,91,0
69,92,1
69,93,0
69,94,2
69,95,0
69,96,0
69,97,3
69,98,1
69,99,1
70,0,0
70,1,3
70,2,1
70,3,0
70,4,0
70,5,0
70,6,1
70,7,1
70,8,1
70,9,2
70,10,0
70,11,0
70,12,0
70,13,0
70,14,0
70,15,3
70,16,2
70,17,2
70,18,1
70,19,1
70,20,1
70,21,1
70,22,1
70,23,2
70,24,1
70,25,3
70,26,1
70,27,0
70,28,0
70,29,1
70,30,0
70,31,0
70,32,0
70,33,1
70,34,1
70,35,2
70,36,3
70,37,1
70,38,0
70,39,1
70,40,1
70,41,5
70,42,0
70,43,3
70,44,0
70,45,2
70,46,0
70,47,0
70,48,1
70,49,0
70,50,2
70,51,1
70,52,1
70,53,6
70,54,2
70,55,0
70,56,1
70,57,1
70,58,1
70,59,2
70,60,1
70,61,2
70,62,0
70,63,0
70,64,0
70,65,0
70,66,0
70,67,0
70,68,1
70,69,0
70,70,2
70,71,1
70,72,1
70,73,1
70,74,1
70,75,5
70,76,0
70,77,3
70,78,0
70,79,0
70,80,0
70,81,1
70,82,4
70,83,0
70,84,0
70,85,0
70,86,1
70,87,0
70,88,0
70,89,1
70,90,1
70,91,0
70,92,0
70,93,0
70,94,1
70,95,0
70,96,0
70,97,3
70,98,2
70,99,1
71,0,0
71,1,2
71,2,1
71,3,0
71,4,0
71,5,0
71,6,1
71,7,1
71,8,1
71,9,2
71,10,0
71,11,0
71,12,0
71,13,0
71,14,0
71,15,3
71,16,1
71,17,2
71,18,1
71,19,1
71,20,1
71,21,1
71,22,1
71,23,2
71,24,0
71,25,3
71,26,1
71,27,0
71,28,0
71,29,2
71,30,0
71,31,0
71,32,0
71,33,1
71,34,1
71,35,3
71,36,3
71,37,1
71,38,0
71,39,2
71,40,1
71,41,4
71,42,0
71,43,3
71,44,0
71,45,2
71,46,0
71,47,0
71,48,1
71,49,1
71,50,2
71,51,1
71,52,1
71,53,6
71,54,1
71,55,0
71,56,1
71,57,1
71,58,1
71,59,2
71,60,1
71,61,2
71,62,0
71,63,0
71,64,0
71,65,0
71,66,0
71,67,1
71,68,1
71,69,0
71,70,2
71,71,1
71,72,0
71,73,2
71,74,1
71,75,5
71,76,0
71,77,2
71,78,1
71,79,0
71,80,0
71,81,1
71,82,4
71,83,1
71,84,0
71,85,0
71,86,1
71,87,0
71,88,2
71,89,1
71,90,0
71,91,0
71,92,0
71,93,0
71,94,1
71,95,0
71,96,0
71,97,2
71,98,1
71,99,1
72,0,0
72,1,2
72,2,1
72,3,0
72,4,0
72,5,0
72,6,1
72,7,1
72,8,1
72,9,2
72,10,0
72,11,0
72,12,0
72,13,0
72,14,1
72,15,2
72,16,0
72,17,1
72,18,0
72,19,0
72,20,1
72,21,0
72,22,1
72,23,2
72,24,0
72,25,3
72,26,1
72,27,0
72,28,0
72,29,2
72,30,0
72,31,0
72,32,0
72,33,2
72,34,1
72,35,4
72,36,3
72,37,1
72,38,0
72,39,1
72,40,2
72,41,4
72,42,0
72,43,3
72,44,0
72,45,3
72,46,0
72,47,1
72,48,1
72,49,0
72,50,2
72,51,2
72,52,1
72,53,6
72,54,1
72,55,0
72,56,0
72,57,0
72,58,1
72,59,3
72,60,1
72,61,2
72,62,1
72,63,0
72,64,0
72,65,0
72,66,0
72,67,1
72,68,1
72,69,1
72,70,2
72,71,0
72,72,0
72,73,3
72,74,0
72,75,6
72,76,0
72,77,2
72,78,1
72,79,0
72,80,0
72,81,0
72,82,3
72,83,3
72,84,0
72,85,0
72,86,1
72,87,0
72,88,3
72,89,2
72,90,0
72,91,0
72,92,0
72,93,0
72,94,1
72,95,0
72,96,0
72,97,1
72,98,1
72,99,0
73,0,0
73,1,2
73,2,1
73,3,0
73,4,0
73,5,0
73,6,1
73,7,1
73,8,1
73,9,2
73,10,0
73,11,1
73,12,0
73,13,0
73,14,1
73,15,3
73,16,0
73,17,1
73,18,0
73,19,0
73,20,1
73,21,0
73,22,1
73,23,2
73,24,1
73,25,3
73,26,1
73,27,0
73,28,0
73,29,2
73,30,1
73,31,0
73,32,1
73,33,2
73,34,0
73,35,3
73,36,2
73,37,1
73,38,0
73,39,1
73,40,2
73,41,4
73,42,0
73,43,4
73,44,0
73,45,2
73,46,0
73,47,0
73,48,1
73,49,0
73,50,3
73,51,1
73,52,1
73,53,6
73,54,1
73,55,0
73,56,0
73,57,0
73,58,1
73,59,3
73,60,1
73,61,1
73,62,1
73,63,0
73,64,0
73,65,1
73,66,1
73,67,1
73,68,0
73,69,1
73,70,1
73,71,0
73,72,0
73,73,3
73,74,0
73,75,6
73,76,0
73,77,1
73,78,1
73,79,0
73,80,0
73,81,0
73,82,3
73,83,3
73,84,0
73,85,0
73,86,1
73,87,0
73,88,4
73,89,2
73,90,0
73,91,0
73,92,0
73,93,0
73,94,0
73,95,1
73,96,0
73,97,1
73,98,1
73,99,0
74,0,0
74,1,3
74,2,0
74,3,0
74,4,0
74,5,0
74,6,0
74,7,2
74,8,0
74,9,2
74,10,0
74,11,0
74,12,0
74,13,0
74,14,1
74,15,3
74,16,0
74,17,2
74,18,0
74,19,0
74,20,1
74,21,0
74,22,0
74,23,2
74,24,1
74,25,3
74,26,0
74,27,1
74,28,0
74,29,2
74,30,1
74,31,0
74,32,1
74,33,2
74,34,0
74,35,3
74,36,2
74,37,0
74,38,0
74,39,1
74,40,2
74,41,4
74,42,0
74,43,3
74,44,0
74,45,4
74,46,0
74,47,1
74,48,1
74,49,1
74,50,3
74,51,1
74,52,1
74,53,5
74,54,1
74,55,0
74,56,0
74,57,0
74,58,2
74,59,2
74,60,1
74,61,1
74,62,1
74,63,0
74,64,0
74,65,1
74,66,1
74,67,1
74,68,0
74,69,1
74,70,1
74,71,0
74,72,0
74,73,3
74,74,0
74,75,6
74,76,1
74,77,0
74,78,1
74,79,0
74,80,0
74,81,0
74,82,3
74,83,3
74,84,0
74,85,0
74,86,1
74,87,0
74,88,4
74,89,1
74,90,0
74,91,0
74,92,2
74,93,0
74,94,0
74,95,1
74,96,0
74,97,1
74,98,1
74,99,0
75,0,0
75,1,3
75,2,0
75,3,0
75,4,0
75,5,0
75,6,0
75,7,2
75,8,0
75,9,2
75,10,0
75,11,0
75,12,0
75,13,0
75,14,1
75,15,2
75,16,1
75,17,2
75,18,0
75,19,0
75,20,0
75,21,0
75,22,0
75,23,1
75,24,1
75,25,4
75,26,0
75,27,1
75,28,1
75,29,1
75,30,0
75,31,0
75,32,1
75,33,2
75,34,0
75,35,3
75,36,2
75,37,0
75,38,0
75,39,1
75,40,2
75,41,4
75,42,0
75,43,3
75,44,0
75,45,4
75,46,1
75,47,0
75,48,0
75,49,2
75,50,3
75,51,1
75,52,1
75,53,5
75,54,1
75,55,0
75,56,0
75,57,0
75,58,2
75,59,2
75,60,1
75,61,1
75,62,1
75,63,1
75,64,0
75,65,0
75,66,1
75,67,1
75,68,0
75,69,2
75,70,0
75,71,0
75,72,0
75,73,3
75,74,0
75,75,6
75,76,1
75,77,0
75,78,0
75,79,0
75,80,0
75,81,1
75,82,4
75,83,4
75,84,0
75,85,0
75,86,1
75,87,0
75,88,4
75,89,2
75,90,0
75,91,0
75,92,2
75,93,0
75,94,0
75,95,1
75,96,0
75,97,0
75,98,1
75,99,0
76,0,0
76,1,2
76,2,0
76,3,0
76,4,0
76,5,1
76,6,0
76,7,3
76,8,0
76,9,2
76,10,0
76,11,1
76,12,0
76,13,0
76,14,1
76,15,3
76,16,1
76,17,2
76,18,0
76,19,0
76,20,0
76,21,0
76,22,0
76,23,2
76,24,1
76,25,3
76,26,0
76,27,1
76,28,1
76,29,1
76,30,0
76,31,0
76,32,0
76,33,2
76,34,0
76,35,2
76,36,2
76,37,0
76,38,0
76,39,0
76,40,2
76,41,4
76,42,0
76,43,3
76,44,0
76,45,4
76,46,2
76,47,0
76,48,0
76,49,2
76,50,2
76,51,1
76,52,1
76,53,5
76,54,1
76,55,0
76,56,0
76,57,0
76,58,2
76,59,3
76,60,1
76,61,1
76,62,1
76,63,2
76,64,0
76,65,0
76,66,1
76,67,1
76,68,0
76,69,2
76,70,0
76,71,0
76,72,0
76,73,4
76,74,0
76,75,5
76,76,1
76,77,0
76,78,0
76,79,0
76,80,0
76,81,0
76,82,4
76,83,5
76,84,0
76,85,0
76,86,0
76,87,0
76,88,4
76,89,1
76,90,0
76,91,0
76,92,2
76,93,0
76,94,0
76,95,0
76,96,1
76,97,0
76,98,1
76,99,0
77,0,0
77,1,2
77,2,0
77,3,0
77,4,0
77,5,1
77,6,0
77,7,3
77,8,1
77,9,2
77,10,0
77,11,1
77,12,1
77,13,0
77,14,1
77,15,3
77,16,1
77,17,2
77,18,1
77,19,0
77,20,0
77,21,1
77,22,0
77,23,2
77,24,1
77,25,3
77,26,0
77,27,1
77,28,1
77,29,0
77,30,0
77,31,0
77,32,0
77,33,2
77,34,0
77,35,1
77,36,2
77,37,1
77,38,0
77,39,0
77,40,2
77,41,4
77,42,0
77,43,2
77,44,1
77,45,6
77,46,2
77,47,0
77,48,0
77,49,2
77,50,2
77,51,0
77,52,2
77,53,5
77,54,0
77,55,1
77,56,0
77,57,0
77,58,2
77,59,3
77,60,1
77,61,1
77,62,1
77,63,2
77,64,0
77,65,0
77,66,0
77,67,1
77,68,0
77,69,2
77,70,0
77,71,0
77,72,0
77,73,4
77,74,0
77,75,4
77,76,0
77,77,0
77,78,0
77,79,0
77,80,0
77,81,0
77,82,3
77,83,4
77,84,0
77,85,0
77,86,0
77,87,0
77,88,3
77,89,0
77,90,1
77,91,0
77,92,2
77,93,0
77,94,0
77,95,1
77,96,1
77,97,0
77,98,1
77,99,0
78,0,0
78,1,1
78,2,0
78,3,0
78,4,0
78,5,0
78,6,0
78,7,3
78,8,2
78,9,2
78,10,0
78,11,1
78,12,1
78,13,1
78,14,0
78,15,3
78,16,2
78,17,2
78,18,1
78,19,0
78,20,0
78,21,0
78,22,0
78,23,2
78,24,2
78,25,4
78,26,0
78,27,1
78,28,0
78,29,0
78,30,0
78,31,0
78,32,0
78,33,2
78,34,0
78,35,0
78,36,3
78,37,0
78,38,0
78,39,0
78,40,2
78,41,4
78,42,0
78,43,1
78,44,2
78,45,6
78,46,2
78,47,0
78,48,0
78,49,2
78,50,3
78,51,1
78,52,2
78,53,5
78,54,0
78,55,1
78,56,0
78,57,0
78,58,2
78,59,3
78,60,1
78,61,1
78,62,1
78,63,2
78,64,0
78,65,0
78,66,0
78,67,1
78,68,1
78,69,1
78,70,0
78,71,0
78,72,0
78,73,4
78,74,0
78,75,4
78,76,0
78,77,0
78,78,0
78,79,0
78,80,0
78,81,0
78,82,3
78,83,4
78,84,0
78,85,0
78,86,0
78,87,0
78,88,3
78,89,0
78,90,1
78,91,0
78,92,1
78,93,0
78,94,0
78,95,1
78,96,1
78,97,0
78,98,1
78,99,0
79,0,0
79,1,1
79,2,0
79,3,0
79,4,0
79,5,0
79,6,0
79,7,3
79,8,1
79,9,2
79,10,0
79,11,0
79,12,1
79,13,2
79,14,0
79,15,3
79,16,2
79,17,2
79,18,1
79,19,1
79,20,1
79,21,0
79,22,0
79,23,3
79,24,1
79,25,3
79,26,0
79,27,0
79,28,0
79,29,0
79,30,0
79,31,0
79,32,0
79,33,2
79,34,0
79,35,0
79,36,2
79,37,1
79,38,0
79,39,0
79,40,2
79,41,3
79,42,0
79,43,1
79,44,2
79,45,6
79,46,1
79,47,0
79,48,0
79,49,2
79,50,3
79,51,2
79,52,2
79,53,4
79,54,0
79,55,1
79,56,0
79,57,0
79,58,1
79,59,3
79,60,1
79,61,1
79,62,2
79,63,2
79,64,0
79,65,0
79,66,0
79,67,2
79,68,1
79,69,1
79,70,0
79,71,0
79,72,1
79,73,5
79,74,0
79,75,4
79,76,0
79,77,0
79,78,0
79,79,0
79,80,0
79,81,0
79,82,3
79,83,4
79,84,0
79,85,0
79,86,0
79,87,0
79,88,3
79,89,0
79,90,1
79,91,0
79,92,1
79,93,0
79,94,0
79,95,1
79,96,1
79,97,0
79,98,1
79,99,0
80,0,0
80,1,1
80,2,0
80,3,0
80,4,0
80,5,0
80,6,1
80,7,2
80,8,1
80,9,2
80,10,0
80,11,0
80,12,1
80,13,3
80,14,0
80,15,3
80,16,3
80,17,2
80,18,1
80,19,0
80,20,0
80,21,1
80,22,0
80,23,3
80,24,1
80,25,3
80,26,0
80,27,0
80,28,0
80,29,0
80,30,0
80,31,0
80,32,0
80,33,2
80,34,0
80,35,0
80,36,1
80,37,1
80,38,0
80,39,0
80,40,4
80,41,2
80,42,0
80,43,1
80,44,2
80,45,6
80,46,2
80,47,1
80,48,0
80,49,2
80,50,3
80,51,1
80,52,2
80,53,4
80,54,1
80,55,1
80,56,0
80,57,0
80,58,1
80,59,3
80,60,1
80,61,1
80,62,2
80,63,2
80,64,0
80,65,0
80,66,0
80,67,2
80,68,1
80,69,0
80,70,0
80,71,0
80,72,0
80,73,5
80,74,0
80,75,4
80,76,0
80,77,0
80,78,0
80,79,0
80,80,0
80,81,0
80,82,3
80,83,3
80,84,0
80,85,0
80,86,0
80,87,0
80,88,3
80,89,0
80,90,1
80,91,0
80,92,1
80,93,0
80,94,0
80,95,1
80,96,1
80,97,0
80,98,1
80,99,0
81,0,0
81,1,1
81,2,0
81,3,0
81,4,0
81,5,0
81,6,0
81,7,2
81,8,1
81,9,2
81,10,1
81,11,0
81,12,1
81,13,3
81,14,0
81,15,2
81,16,4
81,17,2
81,18,3
81,19,1
81,20,0
81,21,1
81,22,0
81,23,3
81,24,1
81,25,3
81,26,0
81,27,1
81,28,0
81,29,0
81,30,0
81,31,0
81,32,0
81,33,1
81,34,0
81,35,1
81,36,1
81,37,1
81,38,0
81,39,0
81,40,4
81,41,2
81,42,1
81,43,1
81,44,2
81,45,5
81,46,2
81,47,1
81,48,0
81,49,2
81,50,3
81,51,1
81,52,2
81,53,3
81,54,1
81,55,0
81,56,0
81,57,0
81,58,1
81,59,3
81,60,1
81,61,1
81,62,2
81,63,2
81,64,0
81,65,0
81,66,0
81,67,2
81,68,1
81,69,0
81,70,0
81,71,0
81,72,0
81,73,5
81,74,0
81,75,4
81,76,0
81,77,0
81,78,0
81,79,0
81,80,0
81,81,0
81,82,3
81,83,2
81,84,0
81,85,0
81,86,0
81,87,0
81,88,3
81,89,0
81,90,1
81,91,0
81,92,1
81,93,0
81,94,0
81,95,1
81,96,0
81,97,0
81,98,1
81,99,0
82,0,0
82,1,1
82,2,0
82,3,0
82,4,0
82,5,0
82,6,0
82,7,2
82,8,0
82,9,1
82,10,1
82,11,0
82,12,1
82,13,3
82,14,0
82,15,2
82,16,5
82,17,2
82,18,2
82,19,1
82,20,0
82,21,0
82,22,0
82,23,3
82,24,1
82,25,3
82,26,0
82,27,1
82,28,0
82,29,1
82,30,1
82,31,0
82,32,1
82,33,1
82,34,0
82,35,1
82,36,1
82,37,1
82,38,0
82,39,0
82,40,4
82,41,2
82,42,1
82,43,1
82,44,2
82,45,5
82,46,2
82,47,1
82,48,0
82,49,2
82,50,3
82,51,1
82,52,2
82,53,3
82,54,1
82,55,0
82,56,1
82,57,0
82,58,1
82,59,3
82,60,1
82,61,0
82,62,2
82,63,2
82,64,0
82,65,0
82,66,0
82,67,2
82,68,1
82,69,0
82,70,0
82,71,0
82,72,0
82,73,5
82,74,0
82,75,4
82,76,0
82,77,0
82,78,0
82,79,0
82,80,0
82,81,0
82,82,3
82,83,1
82,84,0
82,85,0
82,86,1
82,87,0
82,88,3
82,89,0
82,90,1
82,91,0
82,92,0
82,93,0
82,94,0
82,95,1
82,96,0
82,97,0
82,98,2
82,99,0
83,0,0
83,1,2
83,2,0
83,3,0
83,4,0
83,5,1
83,6,0
83,7,1
83,8,0
83,9,1
83,10,1
83,11,1
83,12,1
83,13,2
83,14,0
83,15,2
83,16,5
83,17,2
83,18,3
83,19,1
83,20,0
83,21,0
83,22,0
83,23,3
83,24,0
83,25,3
83,26,0
83,27,2
83,28,0
83,29,1
83,30,1
83,31,0
83,32,0
83,33,1
83,34,1
83,35,1
83,36,1
83,37,1
83,38,0
83,39,0
83,40,4
83,41,1
83,42,1
83,43,1
83,44,2
83,45,5
83,46,2
83,47,2
83,48,0
83,49,2
83,50,3
83,51,1
83,52,2
83,53,3
83,54,0
83,55,0
83,56,1
83,57,0
83,58,1
83,59,3
83,60,0
83,61,0
83,62,2
83,63,2
83,64,0
83,65,0
83,66,0
83,67,2
83,68,0
83,69,0
83,70,0
83,71,0
83,72,0
83,73,5
83,74,0
83,75,3
83,76,0
83,77,0
83,78,0
83,79,1
83,80,0
83,81,0
83,82,3
83,83,1
83,84,0
83,85,0
83,86,1
83,87,1
83,88,3
83,89,1
83,90,0
83,91,0
83,92,0
83,93,0
83,94,0
83,95,1
83,96,0
83,97,0
83,98,2
83,99,0
84,0,0
84,1,2
84,2,1
84,3,0
84,4,0
84,5,1
84,6,0
84,7,1
84,8,0
84,9,1
84,10,1
84,11,1
84,12,1
84,13,2
84,14,0
84,15,2
84,16,5
84,17,1
84,18,3
84,19,1
84,20,0
84,21,0
84,22,0
84,23,3
84,24,1
84,25,3
84,26,1
84,27,2
84,28,0
84,29,1
84,30,0
84,31,0
84,32,0
84,33,1
84,34,3
84,35,1
84,36,1
84,37,1
84,38,0
84,39,0
84,40,4
84,41,2
84,42,1
84,43,0
84,44,1
84,45,4
84,46,2
84,47,2
84,48,1
84,49,3
84,50,3
84,51,1
84,52,2
84,53,2
84,54,0
84,55,0
84,56,0
84,57,0
84,58,1
84,59,3
84,60,0
84,61,0
84,62,2
84,63,2
84,64,0
84,65,0
84,66,0
84,67,2
84,68,0
84,69,0
84,70,0
84,71,0
84,72,1
84,73,4
84,74,0
84,75,3
84,76,0
84,77,0
84,78,0
84,79,1
84,80,0
84,81,0
84,82,3
84,83,0
84,84,0
84,85,0
84,86,0
84,87,1
84,88,3
84,89,1
84,90,0
84,91,0
84,92,0
84,93,0
84,94,0
84,95,1
84,96,1
84,97,0
84,98,2
84,99,0
85,0,0
85,1,3
85,2,1
85,3,0
85,4,0
85,5,1
85,6,0
85,7,0
85,8,0
85,9,1
85,10,1
85,11,1
85,12,1
85,13,3
85,14,0
85,15,2
85,16,5
85,17,1
85,18,3
85,19,1
85,20,0
85,21,0
85,22,1
85,23,3
85,24,1
85,25,3
85,26,0
85,27,2
85,28,0
85,29,1
85,30,0
85,31,0
85,32,0
85,33,1
85,34,3
85,35,0
85,36,1
85,37,1
85,38,0
85,39,0
85,40,4
85,41,2
85,42,1
85,43,1
85,44,0
85,45,4
85,46,1
85,47,1
85,48,1
85,49,3
85,50,3
85,51,0
85,52,1
85,53,2
85,54,0
85,55,0
85,56,0
85,57,0
85,58,1
85,59,2
85,60,0
85,61,1
85,62,2
85,63,2
85,64,0
85,65,0
85,66,1
85,67,2
85,68,1
85,69,0
85,70,0
85,71,0
85,72,1
85,73,4
85,74,0
85,75,3
85,76,1
85,77,1
85,78,0
85,79,1
85,80,0
85,81,0
85,82,2
85,83,0
85,84,0
85,85,0
85,86,0
85,87,1
85,88,3
85,89,0
85,90,1
85,91,0
85,92,0
85,93,0
85,94,0
85,95,1
85,96,1
85,97,1
85,98,2
85,99,0
86,0,0
86,1,4
86,2,0
86,3,0
86,4,0
86,5,1
86,6,0
86,7,0
86,8,0
86,9,1
86,10,1
86,11,0
86,12,2
86,13,3
86,14,0
86,15,2
86,16,5
86,17,0
86,18,3
86,19,1
86,20,1
86,21,0
86,22,1
86,23,3
86,24,0
86,25,2
86,26,0
86,27,1
86,28,0
86,29,1
86,30,2
86,31,0
86,32,0
86,33,1
86,34,4
86,35,0
86,36,1
86,37,2
86,38,0
86,39,0
86,40,4
86,41,2
86,42,0
86,43,0
86,44,0
86,45,4
86,46,0
86,47,2
86,48,1
86,49,3
86,50,3
86,51,0
86,52,1
86,53,2
86,54,0
86,55,0
86,56,0
86,57,0
86,58,1
86,59,1
86,60,1
86,61,0
86,62,2
86,63,1
86,64,0
86,65,0
86,66,0
86,67,2
86,68,1
86,69,1
86,70,0
86,71,0
86,72,2
86,73,4
86,74,0
86,75,2
86,76,2
86,77,1
86,78,0
86,79,0
86,80,0
86,81,0
86,82,2
86,83,0
86,84,0
86,85,0
86,86,0
86,87,1
86,88,3
86,89,0
86,90,1
86,91,1
86,92,0
86,93,1
86,94,0
86,95,1
86,96,1
86,97,1
86,98,3
86,99,0
87,0,0
87,1,4
87,2,0
87,3,1
87,4,0
87,5,1
87,6,1
87,7,0
87,8,0
87,9,0
87,10,1
87,11,0
87,12,2
87,13,2
87,14,0
87,15,2
87,16,5
87,17,0
87,18,2
87,19,2
87,20,1
87,21,0
87,22,1
87,23,3
87,24,0
87,25,2
87,26,0
87,27,0
87,28,0
87,29,2
87,30,2
87,31,0
87,32,0
87,33,0
87,34,4
87,35,2
87,36,1
87,37,3
87,38,0
87,39,0
87,40,4
87,41,2
87,42,0
87,43,0
87,44,0
87,45,3
87,46,0
87,47,1
87,48,1
87,49,3
87,50,2
87,51,0
87,52,1
87,53,1
87,54,0
87,55,1
87,56,1
87,57,0
87,58,2
87,59,1
87,60,1
87,61,0
87,62,2
87,63,1
87,64,0
87,65,0
87,66,0
87,67,2
87,68,1
87,69,1
87,70,0
87,71,0
87,72,2
87,73,4
87,74,0
87,75,2
87,76,2
87,77,1
87,78,0
87,79,0
87,80,1
87,81,0
87,82,2
87,83,0
87,84,0
87,85,1
87,86,0
87,87,1
87,88,2
87,89,0
87,90,1
87,91,0
87,92,0
87,93,1
87,94,0
87,95,0
87,96,0
87,97,2
87,98,3
87,99,0
88,0,0
88,1,4
88,2,0
88,3,2
88,4,0
88,5,0
88,6,0
88,7,0
88,8,0
88,9,1
88,10,0
88,11,0
88,12,2
88,13,2
88,14,0
88,15,1
88,16,5
88,17,0
88,18,3
88,19,2
88,20,2
88,21,0
88,22,1
88,23,3
88,24,0
88,25,1
88,26,0
88,27,0
88,28,0
88,29,2
88,30,3
88,31,0
88,32,0
88,33,0
88,34,4
88,35,2
88,36,1
88,37,2
88,38,1
88,39,0
88,40,4
88,41,2
88,42,0
88,43,0
88,44,1
88,45,3
88,46,0
88,47,0
88,48,2
88,49,3
88,50,2
88,51,0
88,52,2
88,53,1
88,54,0
88,55,1
88,56,1
88,57,0
88,58,2
88,59,1
88,60,1
88,61,0
88,62,2
88,63,1
88,64,0
88,65,1
88,66,0
88,67,2
88,68,1
88,69,1
88,70,0
88,71,0
88,72,2
88,73,3
88,74,0
88,75,2
88,76,2
88,77,1
88,78,0
88,79,0
88,80,1
88,81,0
88,82,2
88,83,0
88,84,0
88,85,0
88,86,0
88,87,1
88,88,2
88,89,0
88,90,1
88,91,0
88,92,0
88,93,0
88,94,0
88,95,0
88,96,0
88,97,2
88,98,3
88,99,0
89,0,0
89,1,3
89,2,0
89,3,1
89,4,0
89,5,0
89,6,0
89,7,0
89,8,0
89,9,1
89,10,1
89,11,0
89,12,2
89,13,2
89,14,0
89,15,1
89,16,5
89,17,0
89,18,2
89,19,2
89,20,1
89,21,0
89,22,2
89,23,3
89,24,0
89,25,0
89,26,0
89,27,0
89,28,0
89,29,2
89,30,3
89,31,0
89,32,0
89,33,1
89,34,4
89,35,2
89,36,1
89,37,1
89,38,3
89,39,2
89,40,3
89,41,1
89,42,0
89,43,0
89,44,2
89,45,3
89,46,0
89,47,0
89,48,2
89,49,2
89,50,2
89,51,0
89,52,2
89,53,1
89,54,0
89,55,0
89,56,1
89,57,0
89,58,1
89,59,1
89,60,1
89,61,0
89,62,2
89,63,1
89,64,0
89,65,2
89,66,2
89,67,2
89,68,1
89,69,1
89,70,0
89,71,0
89,72,1
89,73,3
89,74,0
89,75,1
89,76,2
89,77,1
89,78,0
89,79,0
89,80,2
89,81,0
89,82,2
89,83,0
89,84,0
89,85,1
89,86,0
89,87,1
89,88,2
89,89,0
89,90,2
89,91,0
89,92,0
89,93,1
89,94,0
89,95,0
89,96,0
89,97,1
89,98,2
89,99,0
90,0,0
90,1,3
90,2,0
90,3,2
90,4,1
90,5,0
90,6,1
90,7,0
90,8,0
90,9,0
90,10,1
90,11,1
90,12,2
90,13,1
90,14,0
90,15,1
90,16,5
90,17,1
90,18,2
90,19,2
90,20,2
90,21,0
90,22,1
90,23,3
90,24,0
90,25,0
90,26,0
90,27,0
90,28,2
90,29,2
90,30,2
90,31,0
90,32,1
90,33,1
90,34,4
90,35,2
90,36,1
90,37,1
90,38,3
90,39,2
90,40,2
90,41,0
90,42,0
90,43,0
90,44,2
90,45,3
90,46,0
90,47,0
90,48,1
90,49,1
90,50,2
90,51,0
90,52,2
90,53,2
90,54,0
90,55,0
90,56,1
90,57,0
90,58,1
90,59,1
90,60,1
90,61,0
90,62,1
90,63,1
90,64,0
90,65,2
90,66,2
90,67,1
90,68,2
90,69,1
90,70,0
90,71,0
90,72,0
90,73,3
90,74,0
90,75,0
90,76,1
90,77,1
90,78,0
90,79,0
90,80,2
90,81,0
90,82,2
90,83,1
90,84,1
90,85,0
90,86,0
90,87,1
90,88,2
90,89,0
90,90,2
90,91,0
90,92,0
90,93,2
90,94,1
90,95,0
90,96,0
90,97,0
90,98,2
90,99,0
91,0,0
91,1,3
91,2,1
91,3,2
91,4,1
91,5,0
91,6,1
91,7,0
91,8,0
91,9,0
91,10,1
91,11,1
91,12,2
91,13,1
91,14,0
91,15,1
91,16,5
91,17,1
91,18,2
91,19,1
91,20,2
91,21,0
91,22,1
91,23,3
91,24,0
91,25,1
91,26,0
91,27,0
91,28,2
91,29,2
91,30,2
91,31,0
91,32,1
91,33,1
91,34,3
91,35,2
91,36,1
91,37,1
91,38,3
91,39,2
91,40,1
91,41,0
91,42,0
91,43,0
91,44,2
91,45,3
91,46,0
91,47,1
91,48,1
91,49,0
91,50,2
91,51,0
91,52,1
91,53,2
91,54,0
91,55,0
91,56,1
91,57,0
91,58,1
91,59,1
91,60,1
91,61,0
91,62,1
91,63,1
91,64,0
91,65,2
91,66,2
91,67,1
91,68,2
91,69,1
91,70,0
91,71,0
91,72,1
91,73,3
91,74,0
91,75,0
91,76,1
91,77,1
91,78,0
91,79,0
91,80,3
91,81,0
91,82,2
91,83,1
91,84,1
91,85,0
91,86,0
91,87,1
91,88,2
91,89,0
91,90,2
91,91,0
91,92,0
91,93,2
91,94,1
91,95,0
91,96,0
91,97,0
91,98,2
91,99,0
92,0,0
92,1,3
92,2,1
92,3,2
92,4,1
92,5,0
92,6,0
92,7,0
92,8,0
92,9,0
92,10,1
92,11,1
92,12,2
92,13,1
92,14,0
92,15,2
92,16,5
92,17,3
92,18,1
92,19,1
92,20,2
92,21,0
92,22,0
92,23,3
92,24,0
92,25,1
92,26,1
92,27,0
92,28,1
92,29,1
92,30,1
92,31,0
92,32,0
92,33,1
92,34,3
92,35,2
92,36,0
92,37,2
92,38,3
92,39,1
92,40,1
92,41,1
92,42,0
92,43,0
92,44,4
92,45,4
92,46,0
92,47,1
92,48,1
92,49,0
92,50,2
92,51,0
92,52,0
92,53,2
92,54,0
92,55,0
92,56,1
92,57,0
92,58,1
92,59,0
92,60,1
92,61,0
92,62,1
92,63,1
92,64,0
92,65,1
92,66,2
92,67,1
92,68,2
92,69,1
92,70,1
92,71,0
92,72,2
92,73,2
92,74,0
92,75,1
92,76,1
92,77,1
92,78,0
92,79,0
92,80,3
92,81,0
92,82,2
92,83,1
92,84,2
92,85,0
92,86,0
92,87,1
92,88,2
92,89,1
92,90,2
92,91,0
92,92,0
92,93,2
92,94,0
92,95,0
92,96,0
92,97,0
92,98,2
92,99,0
93,0,0
93,1,3
93,2,1
93,3,2
93,4,1
93,5,0
93,6,1
93,7,0
93,8,0
93,9,0
93,10,1
93,11,0
93,12,1
93,13,1
93,14,0
93,15,2
93,16,5
93,17,3
93,18,0
93,19,1
93,20,1
93,21,0
93,22,0
93,23,3
93,24,0
93,25,0
93,26,1
93,27,0
93,28,1
93,29,0
93,30,1
93,31,0
93,32,0
93,33,1
93,34,3
93,35,2
93,36,0
93,37,4
93,38,3
93,39,1
93,40,1
93,41,1
93,42,0
93,43,0
93,44,4
93,45,4
93,46,1
93,47,2
93,48,1
93,49,0
93,50,2
93,51,0
93,52,0
93,53,2
93,54,0
93,55,0
93,56,0
93,57,1
93,58,1
93,59,0
93,60,0
93,61,0
93,62,1
93,63,1
93,64,0
93,65,1
93,66,2
93,67,1
93,68,2
93,69,1
93,70,0
93,71,0
93,72,2
93,73,3
93,74,1
93,75,1
93,76,1
93,77,0
93,78,0
93,79,1
93,80,2
93,81,0
93,82,2
93,83,1
93,84,3
93,85,0
93,86,0
93,87,0
93,88,2
93,89,1
93,90,2
93,91,0
93,92,0
93,93,1
93,94,0
93,95,0
93,96,0
93,97,1
93,98,3
93,99,1
94,0,0
94,1,4
94,2,1
94,3,1
94,4,1
94,5,0
94,6,1
94,7,0
94,8,0
94,9,0
94,10,0
94,11,0
94,12,1
94,13,1
94,14,0
94,15,3
94,16,6
94,17,2
94,18,1
94,19,1
94,20,1
94,21,0
94,22,0
94,23,2
94,24,0
94,25,0
94,26,1
94,27,0
94,28,1
94,29,0
94,30,0
94,31,0
94,32,0
94,33,1
94,34,3
94,35,2
94,36,1
94,37,4
94,38,3
94,39,1
94,40,0
94,41,0
94,42,0
94,43,0
94,44,4
94,45,3
94,46,1
94,47,2
94,48,1
94,49,0
94,50,3
94,51,0
94,52,0
94,53,1
94,54,1
94,55,0
94,56,0
94,57,1
94,58,1
94,59,0
94,60,0
94,61,0
94,62,1
94,63,1
94,64,0
94,65,2
94,66,2
94,67,1
94,68,2
94,69,1
94,70,0
94,71,0
94,72,3
94,73,3
94,74,1
94,75,1
94,76,0
94,77,0
94,78,0
94,79,3
94,80,1
94,81,0
94,82,3
94,83,1
94,84,3
94,85,0
94,86,0
94,87,0
94,88,2
94,89,1
94,90,2
94,91,0
94,92,0
94,93,0
94,94,0
94,95,0
94,96,0
94,97,1
94,98,3
94,99,1
95,0,1
95,1,4
95,2,1
95,3,1
95,4,1
95,5,0
95,6,1
95,7,0
95,8,0
95,9,0
95,10,0
95,11,1
95,12,1
95,13,0
95,14,1
95,15,3
95,16,6
95,17,2
95,18,1
95,19,1
95,20,1
95,21,0
95,22,1
95,23,3
95,24,0
95,25,0
95,26,0
95,27,0
95,28,1
95,29,0
95,30,0
95,31,0
95,32,0
95,33,1
95,34,3
95,35,1
95,36,1
95,37,5
95,38,3
95,39,1
95,40,0
95,41,0
95,42,0
95,43,0
95,44,4
95,45,2
95,46,1
95,47,2
95,48,1
95,49,0
95,50,2
95,51,0
95,52,0
95,53,1
95,54,1
95,55,0
95,56,0
95,57,0
95,58,0
95,59,0
95,60,0
95,61,0
95,62,1
95,63,1
95,64,0
95,65,2
95,66,2
95,67,1
95,68,2
95,69,1
95,70,1
95,71,0
95,72,3
95,73,3
95,74,1
95,75,1
95,76,0
95,77,0
95,78,0
95,79,2
95,80,1
95,81,0
95,82,2
95,83,1
95,84,3
95,85,1
95,86,1
95,87,0
95,88,2
95,89,1
95,90,2
95,91,0
95,92,0
95,93,0
95,94,1
95,95,0
95,96,0
95,97,0
95,98,3
95,99,1
96,0,2
96,1,4
96,2,0
96,3,1
96,4,1
96,5,0
96,6,1
96,7,0
96,8,0
96,9,0
96,10,1
96,11,1
96,12,1
96,13,0
96,14,0
96,15,3
96,16,6
96,17,3
96,18,0
96,19,1
96,20,1
96,21,0
96,22,1
96,23,3
96,24,0
96,25,0
96,26,1
96,27,0
96,28,1
96,29,0
96,30,0
96,31,0
96,32,1
96,33,0
96,34,3
96,35,0
96,36,2
96,37,5
96,38,3
96,39,1
96,40,0
96,41,0
96,42,0
96,43,0
96,44,4
96,45,1
96,46,1
96,47,2
96,48,1
96,49,0
96,50,2
96,51,1
96,52,0
96,53,1
96,54,0
96,55,0
96,56,1
96,57,0
96,58,0
96,59,0
96,60,2
96,61,0
96,62,1
96,63,0
96,64,0
96,65,2
96,66,2
96,67,1
96,68,2
96,69,0
96,70,0
96,71,0
96,72,2
96,73,3
96,74,1
96,75,1
96,76,0
96,77,0
96,78,0
96,79,2
96,80,1
96,81,0
96,82,2
96,83,1
96,84,3
96,85,1
96,86,1
96,87,0
96,88,2
96,89,1
96,90,2
96,91,0
96,92,0
96,93,1
96,94,1
96,95,1
96,96,0
96,97,0
96,98,3
96,99,0
97,0,2
97,1,4
97,2,0
97,3,1
97,4,1
97,5,0
97,6,2
97,7,1
97,8,0
97,9,1
97,10,0
97,11,1
97,12,2
97,13,0
97,14,0
97,15,4
97,16,6
97,17,2
97,18,0
97,19,0
97,20,1
97,21,0
97,22,1
97,23,3
97,24,0
97,25,0
97,26,1
97,27,0
97,28,0
97,29,0
97,30,1
97,31,0
97,32,1
97,33,0
97,34,2
97,35,0
97,36,2
97,37,4
97,38,3
97,39,1
97,40,0
97,41,0
97,42,0
97,43,0
97,44,3
97,45,1
97,46,0
97,47,2
97,48,0
97,49,0
97,50,2
97,51,1
97,52,0
97,53,1
97,54,1
97,55,0
97,56,1
97,57,0
97,58,0
97,59,1
97,60,3
97,61,1
97,62,1
97,63,1
97,64,0
97,65,2
97,66,2
97,67,1
97,68,2
97,69,0
97,70,0
97,71,0
97,72,2
97,73,3
97,74,2
97,75,1
97,76,0
97,77,0
97,78,0
97,79,2
97,80,1
97,81,0
97,82,2
97,83,0
97,84,3
97,85,1
97,86,0
97,87,0
97,88,2
97,89,1
97,90,1
97,91,0
97,92,0
97,93,1
97,94,1
97,95,0
97,96,0
97,97,0
97,98,4
97,99,0
98,0,2
98,1,3
98,2,0
98,3,1
98,4,1
98,5,0
98,6,2
98,7,1
98,8,0
98,9,1
98,10,0
98,11,0
98,12,1
98,13,0
98,14,0
98,15,4
98,16,6
98,17,2
98,18,0
98,19,0
98,20,1
98,21,1
98,22,1
98,23,4
98,24,0
98,25,0
98,26,1
98,27,0
98,28,0
98,29,0
98,30,2
98,31,0
98,32,0
98,33,0
98,34,2
98,35,0
98,36,2
98,37,3
98,38,3
98,39,1
98,40,0
98,41,0
98,42,0
98,43,0
98,44,3
98,45,1
98,46,0
98,47,3
98,48,0
98,49,0
98,50,1
98,51,2
98,52,0
98,53,1
98,54,1
98,55,0
98,56,1
98,57,0
98,58,1
98,59,1
98,60,3
98,61,1
98,62,0
98,63,1
98,64,0
98,65,1
98,66,1
98,67,0
98,68,2
98,69,0
98,70,0
98,71,0
98,72,2
98,73,3
98,74,2
98,75,1
98,76,0
98,77,0
98,78,0
98,79,3
98,80,1
98,81,0
98,82,2
98,83,1
98,84,3
98,85,1
98,86,1
98,87,0
98,88,1
98,89,1
98,90,1
98,91,0
98,92,1
98,93,1
98,94,1
98,95,0
98,96,0
98,97,1
98,98,4
98,99,0
99,0,1
99,1,2
99,2,0
99,3,0
99,4,2
99,5,0
99,6,4
99,7,1
99,8,0
99,9,0
99,10,0
99,11,0
99,12,0
99,13,0
99,14,1
99,15,5
99,16,6
99,17,1
99,18,0
99,19,0
99,20,1
99,21,1
99,22,0
99,23,4
99,24,0
99,25,0
99,26,0
99,27,0
99,28,0
99,29,1
99,30,2
99,31,0
99,32,0
99,33,1
99,34,2
99,35,1
99,36,1
99,37,3
99,38,3
99,39,1
99,40,0
99,41,0
99,42,0
99,43,1
99,44,2
99,45,1
99,46,0
99,47,3
99,48,1
99,49,0
99,50,1
99,51,3
99,52,0
99,53,0
99,54,2
99,55,0
99,56,1
99,57,0
99,58,1
99,59,1
99,60,2
99,61,0
99,62,0
99,63,0
99,64,0
99,65,1
99,66,1
99,67,0
99,68,3
99,69,0
99,70,0
99,71,1
99,72,2
99,73,4
99,74,2
99,75,1
99,76,1
99,77,0
99,78,0
99,79,2
99,80,1
99,81,0
99,82,2
99,83,1
99,84,2
99,85,0
99,86,1
99,87,0
99,88,2
99,89,0
99,90,2
99,91,0
99,92,1
99,93,1
99,94,0
99,95,0
99,96,1
99,97,1
99,98,4
99,99,0
